"parameter_stable_id","Centre","procedure_name","Procedure","n","NormalFDR","WindowedFDR","NormalAlpha","WindowedAlpha","WindowedFDRPercent","diff","Gain","odd"
"IMPC_ACS_037_001","UC Davis","Acoustic Startle and Pre-pulse Inhibition (PPI)","IMPC_ACS",4855,712,188,0.1467,0.0387,20.89,-524,TRUE,0.26
"IMPC_CBC_012_001","UC Davis","Clinical Chemistry","IMPC_CBC",2805,20,504,0.0071,0.1797,96.18,484,FALSE,25.2
"IMPC_ECG_006_001","UC Davis","Electrocardiogram (ECG)","IMPC_ECG",4850,441,0,0.0909,0,0,-441,TRUE,0
"IMPC_CBC_013_001","UC Davis","Clinical Chemistry","IMPC_CBC",2801,33,391,0.0118,0.1396,92.22,358,FALSE,11.85
"IMPC_HEM_033_001","UC Davis","Hematology","IMPC_HEM",4640,232,492,0.05,0.106,67.96,260,FALSE,2.12
"IMPC_ACS_035_001","UC Davis","Acoustic Startle and Pre-pulse Inhibition (PPI)","IMPC_ACS",4851,231,4,0.0476,8e-04,1.7,-227,TRUE,0.02
"IMPC_ECH_009_001","MARC","Echo","IMPC_ECH",870,228,4,0.2621,0.0046,1.72,-224,TRUE,0.02
"IMPC_CBC_013_001","MRC Harwell","Clinical Chemistry","IMPC_CBC",2815,4,221,0.0014,0.0785,98.22,217,FALSE,55.25
"IMPC_EYE_066_001","BCM","Eye Morphology","IMPC_EYE",1405,233,17,0.1658,0.0121,6.8,-216,TRUE,0.07
"IMPC_ECH_010_001","BCM","Echo","IMPC_ECH",2545,4,201,0.0016,0.079,98.05,197,FALSE,50.25
"IMPC_CBC_008_001","UC Davis","Clinical Chemistry","IMPC_CBC",2770,36,223,0.013,0.0805,86.1,187,FALSE,6.19
"IMPC_DXA_006_001","MARC","Body Composition (DEXA lean/fat)","IMPC_DXA",945,344,181,0.364,0.1915,34.48,-163,TRUE,0.53
"IMPC_ECG_002_001","UC Davis","Electrocardiogram (ECG)","IMPC_ECG",4850,16,177,0.0033,0.0365,91.71,161,FALSE,11.06
"IMPC_ECH_007_001","MARC","Echo","IMPC_ECH",870,154,3,0.177,0.0034,1.91,-151,TRUE,0.02
"IMPC_ECH_012_001","MARC","Echo","IMPC_ECH",870,308,165,0.354,0.1897,34.88,-143,TRUE,0.54
"IMPC_ECH_005_001","MARC","Echo","IMPC_ECH",870,293,153,0.3368,0.1759,34.3,-140,TRUE,0.52
"IMPC_ECG_004_001","UC Davis","Electrocardiogram (ECG)","IMPC_ECG",4850,43,168,0.0089,0.0346,79.62,125,FALSE,3.91
"IMPC_ECH_010_001","MARC","Echo","IMPC_ECH",870,306,188,0.3517,0.2161,38.06,-118,TRUE,0.61
"IMPC_DXA_007_001","JAX","Body Composition (DEXA lean/fat)","IMPC_DXA",6060,119,2,0.0196,3e-04,1.65,-117,TRUE,0.02
"IMPC_LDT_006_001","TCP","Light-Dark Test","IMPC_LDT",690,121,8,0.1754,0.0116,6.2,-113,TRUE,0.07
"IMPC_OFD_018_001","MARC","Open Field","IMPC_OFD",855,2,111,0.0023,0.1298,98.23,109,FALSE,55.5
"IMPC_EYE_067_001","BCM","Eye Morphology","IMPC_EYE",1405,111,9,0.079,0.0064,7.5,-102,TRUE,0.08
"IMPC_HEM_037_001","UC Davis","Hematology","IMPC_HEM",4597,114,16,0.0248,0.0035,12.31,-98,TRUE,0.14
"IMPC_ECG_014_001","JAX","Electrocardiogram (ECG)","IMPC_ECG",6150,102,9,0.0166,0.0015,8.11,-93,TRUE,0.09
"IMPC_FEA_015_001","UC Davis","Fear Conditioning","IMPC_FEA",1652,111,19,0.0672,0.0115,14.62,-92,TRUE,0.17
"IMPC_ECH_007_001","BCM","Echo","IMPC_ECH",2545,91,3,0.0358,0.0012,3.19,-88,TRUE,0.03
"IMPC_CBC_016_001","MARC","Clinical Chemistry","IMPC_CBC",555,88,3,0.1586,0.0054,3.3,-85,TRUE,0.03
"IMPC_ACS_033_001","UC Davis","Acoustic Startle and Pre-pulse Inhibition (PPI)","IMPC_ACS",4855,1030,946,0.2122,0.1949,47.87,-84,TRUE,0.92
"IMPC_HEM_036_001","UC Davis","Hematology","IMPC_HEM",4640,92,9,0.0198,0.0019,8.91,-83,TRUE,0.1
"IMPC_HEM_032_001","UC Davis","Hematology","IMPC_HEM",4640,105,23,0.0226,0.005,17.97,-82,TRUE,0.22
"IMPC_DXA_010_001","JAX","Body Composition (DEXA lean/fat)","IMPC_DXA",6060,74,1,0.0122,2e-04,1.33,-73,TRUE,0.01
"IMPC_HEM_030_001","UC Davis","Hematology","IMPC_HEM",4530,111,38,0.0245,0.0084,25.5,-73,TRUE,0.34
"IMPC_DXA_006_001","JAX","Body Composition (DEXA lean/fat)","IMPC_DXA",6060,73,4,0.012,7e-04,5.19,-69,TRUE,0.05
"IMPC_EYE_060_001","BCM","Eye Morphology","IMPC_EYE",1405,80,12,0.0569,0.0085,13.04,-68,TRUE,0.15
"IMPC_CBC_028_001","MRC Harwell","Clinical Chemistry","IMPC_CBC",2660,113,46,0.0425,0.0173,28.93,-67,TRUE,0.41
"IMPC_HWT_008_001","JAX","Heart Weight","IMPC_HWT",6370,263,330,0.0413,0.0518,55.65,67,FALSE,1.25
"IMPC_DXA_007_001","UC Davis","Body Composition (DEXA lean/fat)","IMPC_DXA",4615,131,65,0.0284,0.0141,33.16,-66,TRUE,0.5
"IMPC_OFD_014_001","JAX","Open Field","IMPC_OFD",6380,89,24,0.0139,0.0038,21.24,-65,TRUE,0.27
"IMPC_ACS_006_001","MRC Harwell","Acoustic Startle and Pre-pulse Inhibition (PPI)","IMPC_ACS",3460,65,3,0.0188,9e-04,4.41,-62,TRUE,0.05
"IMPC_HEM_001_001","UC Davis","Hematology","IMPC_HEM",4640,77,16,0.0166,0.0034,17.2,-61,TRUE,0.21
"IMPC_DXA_005_001","JAX","Body Composition (DEXA lean/fat)","IMPC_DXA",6060,60,0,0.0099,0,0,-60,TRUE,0
"IMPC_CBC_008_001","MRC Harwell","Clinical Chemistry","IMPC_CBC",2660,3,62,0.0011,0.0233,95.38,59,FALSE,20.67
"IMPC_HEM_035_001","TCP","Hematology","IMPC_HEM",1750,9,67,0.0051,0.0383,88.16,58,FALSE,7.44
"IMPC_CBC_053_001","WTSI","Clinical Chemistry","IMPC_CBC",4600,87,31,0.0189,0.0067,26.27,-56,TRUE,0.36
"IMPC_OFD_007_001","JAX","Open Field","IMPC_OFD",6380,60,4,0.0094,6e-04,6.25,-56,TRUE,0.07
"IMPC_DXA_006_001","UC Davis","Body Composition (DEXA lean/fat)","IMPC_DXA",4615,82,27,0.0178,0.0059,24.77,-55,TRUE,0.33
"IMPC_HEM_035_001","UC Davis","Hematology","IMPC_HEM",4453,68,13,0.0153,0.0029,16.05,-55,TRUE,0.19
"IMPC_HWT_008_001","UC Davis","Heart Weight","IMPC_HWT",4985,68,15,0.0136,0.003,18.07,-53,TRUE,0.22
"IMPC_CBC_018_001","TCP","Clinical Chemistry","IMPC_CBC",2000,51,1,0.0255,5e-04,1.92,-50,TRUE,0.02
"IMPC_GRS_010_001","UC Davis","Grip Strength","IMPC_GRS",4280,63,14,0.0147,0.0033,18.18,-49,TRUE,0.22
"IMPC_HEM_019_001","UC Davis","Hematology","IMPC_HEM",4640,112,63,0.0241,0.0136,36,-49,TRUE,0.56
"IMPC_HEM_027_001","TCP","Hematology","IMPC_HEM",1750,4,53,0.0023,0.0303,92.98,49,FALSE,13.25
"IMPC_HEM_038_001","UC Davis","Hematology","IMPC_HEM",4640,72,23,0.0155,0.005,24.21,-49,TRUE,0.32
"IMPC_CBC_014_001","WTSI","Clinical Chemistry","IMPC_CBC",5065,57,9,0.0113,0.0018,13.64,-48,TRUE,0.16
"IMPC_CBC_028_001","WTSI","Clinical Chemistry","IMPC_CBC",5025,61,13,0.0121,0.0026,17.57,-48,TRUE,0.21
"IMPC_HEM_006_001","UC Davis","Hematology","IMPC_HEM",4454,88,41,0.0198,0.0092,31.78,-47,TRUE,0.47
"IMPC_ECG_006_001","BCM","Electrocardiogram (ECG)","IMPC_ECG",3065,52,6,0.017,0.002,10.34,-46,TRUE,0.12
"IMPC_OFD_018_001","MRC Harwell","Open Field","IMPC_OFD",3155,45,0,0.0143,0,0,-45,TRUE,0
"IMPC_EYE_071_001","BCM","Eye Morphology","IMPC_EYE",1395,7,51,0.005,0.0366,87.93,44,FALSE,7.29
"IMPC_DXA_002_001","UC Davis","Body Composition (DEXA lean/fat)","IMPC_DXA",4615,74,31,0.016,0.0067,29.52,-43,TRUE,0.42
"IMPC_EYE_065_001","BCM","Eye Morphology","IMPC_EYE",1398,17,60,0.0122,0.0429,77.92,43,FALSE,3.53
"IMPC_GRS_011_001","ICS","Grip Strength","IMPC_GRS",1020,16,59,0.0157,0.0578,78.67,43,FALSE,3.69
"IMPC_OFD_009_001","JAX","Open Field","IMPC_OFD",6380,50,7,0.0078,0.0011,12.28,-43,TRUE,0.14
"IMPC_CBC_012_001","MRC Harwell","Clinical Chemistry","IMPC_CBC",2660,7,49,0.0026,0.0184,87.5,42,FALSE,7
"IMPC_GRS_011_001","BCM","Grip Strength","IMPC_GRS",2975,56,14,0.0188,0.0047,20,-42,TRUE,0.25
"IMPC_HEM_032_001","MARC","Hematology","IMPC_HEM",725,41,0,0.0566,0,0,-41,TRUE,0
"IMPC_ACS_037_001","KMPC","Acoustic Startle and Pre-pulse Inhibition (PPI)","IMPC_ACS",230,39,0,0.1696,0,0,-39,TRUE,0
"IMPC_ECG_003_001","JAX","Electrocardiogram (ECG)","IMPC_ECG",6150,40,1,0.0065,2e-04,2.44,-39,TRUE,0.03
"IMPC_DXA_005_001","UC Davis","Body Composition (DEXA lean/fat)","IMPC_DXA",4615,164,126,0.0355,0.0273,43.45,-38,TRUE,0.77
"IMPC_DXA_008_001","UC Davis","Body Composition (DEXA lean/fat)","IMPC_DXA",4615,130,92,0.0282,0.0199,41.44,-38,TRUE,0.71
"IMPC_DXA_010_001","MARC","Body Composition (DEXA lean/fat)","IMPC_DXA",945,235,197,0.2487,0.2085,45.6,-38,TRUE,0.84
"IMPC_ECG_014_001","HMGU","Electrocardiogram (ECG)","IMPC_ECG",1125,57,19,0.0507,0.0169,25,-38,TRUE,0.33
"IMPC_DXA_009_001","HMGU","Body Composition (DEXA lean/fat)","IMPC_DXA",1220,3,40,0.0025,0.0328,93.02,37,FALSE,13.33
"IMPC_EYE_069_001","BCM","Eye Morphology","IMPC_EYE",1725,108,71,0.0626,0.0412,39.66,-37,TRUE,0.66
"IMPC_DXA_006_001","TCP","Body Composition (DEXA lean/fat)","IMPC_DXA",2110,47,11,0.0223,0.0052,18.97,-36,TRUE,0.23
"IMPC_DXA_010_001","MRC Harwell","Body Composition (DEXA lean/fat)","IMPC_DXA",2765,43,7,0.0156,0.0025,14,-36,TRUE,0.16
"IMPC_ACS_033_001","KMPC","Acoustic Startle and Pre-pulse Inhibition (PPI)","IMPC_ACS",230,35,0,0.1522,0,0,-35,TRUE,0
"IMPC_CSD_032_001","UC Davis","Combined SHIRPA and Dysmorphology","IMPC_CSD",5825,70,35,0.012,0.006,33.33,-35,TRUE,0.5
"IMPC_ECG_007_001","JAX","Electrocardiogram (ECG)","IMPC_ECG",6895,47,12,0.0068,0.0017,20.34,-35,TRUE,0.26
"IMPC_ECG_008_001","BCM","Electrocardiogram (ECG)","IMPC_ECG",2365,11,46,0.0047,0.0195,80.7,35,FALSE,4.18
"IMPC_HEM_008_001","UC Davis","Hematology","IMPC_HEM",4640,44,9,0.0095,0.0019,16.98,-35,TRUE,0.2
"IMPC_IPG_011_001","TCP","Intraperitoneal glucose tolerance test (IPGTT)","IMPC_IPG",2175,69,34,0.0317,0.0156,33.01,-35,TRUE,0.49
"IMPC_OFD_019_001","TCP","Open Field","IMPC_OFD",2075,52,17,0.0251,0.0082,24.64,-35,TRUE,0.33
"IMPC_DXA_003_001","UC Davis","Body Composition (DEXA lean/fat)","IMPC_DXA",4615,66,32,0.0143,0.0069,32.65,-34,TRUE,0.48
"IMPC_EYE_068_001","BCM","Eye Morphology","IMPC_EYE",1725,121,87,0.0701,0.0504,41.83,-34,TRUE,0.72
"IMPC_OFD_013_001","JAX","Open Field","IMPC_OFD",6380,44,10,0.0069,0.0016,18.52,-34,TRUE,0.23
"IMPC_OFD_020_001","JAX","Open Field","IMPC_OFD",6380,39,5,0.0061,8e-04,11.36,-34,TRUE,0.13
"IMPC_CBC_004_001","WTSI","Clinical Chemistry","IMPC_CBC",5055,41,8,0.0081,0.0016,16.33,-33,TRUE,0.2
"IMPC_DXA_008_001","HMGU","Body Composition (DEXA lean/fat)","IMPC_DXA",1220,3,36,0.0025,0.0295,92.31,33,FALSE,12
"IMPC_GRS_008_001","UC Davis","Grip Strength","IMPC_GRS",4280,100,67,0.0234,0.0157,40.12,-33,TRUE,0.67
"IMPC_CBC_009_001","BCM","Clinical Chemistry","IMPC_CBC",473,39,7,0.0825,0.0148,15.22,-32,TRUE,0.18
"IMPC_ECG_004_001","JAX","Electrocardiogram (ECG)","IMPC_ECG",6895,42,74,0.0061,0.0107,63.79,32,FALSE,1.76
"IMPC_OFD_016_001","JAX","Open Field","IMPC_OFD",6380,37,5,0.0058,8e-04,11.9,-32,TRUE,0.14
"IMPC_CBC_012_001","TCP","Clinical Chemistry","IMPC_CBC",2000,1,32,5e-04,0.016,96.97,31,FALSE,32
"IMPC_ECG_009_002","UC Davis","Electrocardiogram (ECG)","IMPC_ECG",2075,32,1,0.0154,5e-04,3.03,-31,TRUE,0.03
"IMPC_ACS_006_001","TCP","Acoustic Startle and Pre-pulse Inhibition (PPI)","IMPC_ACS",2110,30,0,0.0142,0,0,-30,TRUE,0
"IMPC_CBC_015_001","RBRC","Clinical Chemistry","IMPC_CBC",395,31,1,0.0785,0.0025,3.12,-30,TRUE,0.03
"IMPC_HEM_027_001","WTSI","Hematology","IMPC_HEM",4965,31,1,0.0062,2e-04,3.12,-30,TRUE,0.03
"IMPC_ACS_033_001","JAX","Acoustic Startle and Pre-pulse Inhibition (PPI)","IMPC_ACS",5274,30,1,0.0057,2e-04,3.23,-29,TRUE,0.03
"IMPC_DXA_002_001","HMGU","Body Composition (DEXA lean/fat)","IMPC_DXA",1220,7,36,0.0057,0.0295,83.72,29,FALSE,5.14
"IMPC_ECG_005_001","JAX","Electrocardiogram (ECG)","IMPC_ECG",6150,33,4,0.0054,7e-04,10.81,-29,TRUE,0.12
"IMPC_ECG_010_001","JAX","Electrocardiogram (ECG)","IMPC_ECG",6150,32,3,0.0052,5e-04,8.57,-29,TRUE,0.09
"IMPC_CBC_010_001","JAX","Clinical Chemistry","IMPC_CBC",1620,64,36,0.0395,0.0222,36,-28,TRUE,0.56
"IMPC_HEM_002_001","TCP","Hematology","IMPC_HEM",1750,28,0,0.016,0,0,-28,TRUE,0
"IMPC_HEM_031_001","UC Davis","Hematology","IMPC_HEM",4640,191,163,0.0412,0.0351,46.05,-28,TRUE,0.85
"IMPC_IPG_011_001","KMPC","Intraperitoneal glucose tolerance test (IPGTT)","IMPC_IPG",270,28,0,0.1037,0,0,-28,TRUE,0
"IMPC_CBC_007_001","BCM","Clinical Chemistry","IMPC_CBC",492,43,16,0.0874,0.0325,27.12,-27,TRUE,0.37
"IMPC_CBC_013_001","BCM","Clinical Chemistry","IMPC_CBC",495,27,0,0.0545,0,0,-27,TRUE,0
"IMPC_DXA_004_001","UC Davis","Body Composition (DEXA lean/fat)","IMPC_DXA",4615,216,189,0.0468,0.041,46.67,-27,TRUE,0.88
"IMPC_DXA_010_001","UC Davis","Body Composition (DEXA lean/fat)","IMPC_DXA",4615,41,14,0.0089,0.003,25.45,-27,TRUE,0.34
"IMPC_ECG_008_001","UC Davis","Electrocardiogram (ECG)","IMPC_ECG",4850,31,4,0.0064,8e-04,11.43,-27,TRUE,0.13
"IMPC_ECG_009_001","MRC Harwell","Electrocardiogram (ECG)","IMPC_ECG",1695,47,20,0.0277,0.0118,29.85,-27,TRUE,0.43
"IMPC_HEM_019_001","TCP","Hematology","IMPC_HEM",1750,19,46,0.0109,0.0263,70.77,27,FALSE,2.42
"IMPC_OFD_009_001","ICS","Open Field","IMPC_OFD",1020,4,31,0.0039,0.0304,88.57,27,FALSE,7.75
"IMPC_DXA_003_001","HMGU","Body Composition (DEXA lean/fat)","IMPC_DXA",1220,4,30,0.0033,0.0246,88.24,26,FALSE,7.5
"IMPC_DXA_006_001","WTSI","Body Composition (DEXA lean/fat)","IMPC_DXA",5330,29,3,0.0054,6e-04,9.38,-26,TRUE,0.1
"IMPC_OFD_010_001","JAX","Open Field","IMPC_OFD",6380,28,2,0.0044,3e-04,6.67,-26,TRUE,0.07
"IMPC_CBC_011_001","WTSI","Clinical Chemistry","IMPC_CBC",5060,32,7,0.0063,0.0014,17.95,-25,TRUE,0.22
"IMPC_CBC_012_001","WTSI","Clinical Chemistry","IMPC_CBC",5050,35,10,0.0069,0.002,22.22,-25,TRUE,0.29
"IMPC_GRS_010_001","HMGU","Grip Strength","IMPC_GRS",1525,15,40,0.0098,0.0262,72.73,25,FALSE,2.67
"IMPC_HEM_029_001","UC Davis","Hematology","IMPC_HEM",4251,147,122,0.0346,0.0287,45.35,-25,TRUE,0.83
"IMPC_CBC_005_001","WTSI","Clinical Chemistry","IMPC_CBC",5060,38,14,0.0075,0.0028,26.92,-24,TRUE,0.37
"IMPC_DXA_010_001","HMGU","Body Composition (DEXA lean/fat)","IMPC_DXA",1150,28,52,0.0243,0.0452,65,24,FALSE,1.86
"IMPC_ECG_006_001","JAX","Electrocardiogram (ECG)","IMPC_ECG",6895,40,16,0.0058,0.0023,28.57,-24,TRUE,0.4
"IMPC_ECG_009_002","BCM","Electrocardiogram (ECG)","IMPC_ECG",3065,21,45,0.0069,0.0147,68.18,24,FALSE,2.14
"IMPC_OFD_009_001","TCP","Open Field","IMPC_OFD",2075,32,8,0.0154,0.0039,20,-24,TRUE,0.25
"IMPC_CBC_003_001","CCP-IMG","Clinical Chemistry","IMPC_CBC",580,2,25,0.0034,0.0431,92.59,23,FALSE,12.5
"IMPC_DXA_004_001","JAX","Body Composition (DEXA lean/fat)","IMPC_DXA",6060,28,5,0.0046,8e-04,15.15,-23,TRUE,0.18
"IMPC_DXA_007_001","WTSI","Body Composition (DEXA lean/fat)","IMPC_DXA",5330,32,9,0.006,0.0017,21.95,-23,TRUE,0.28
"IMPC_ECG_003_001","BCM","Electrocardiogram (ECG)","IMPC_ECG",2365,10,33,0.0042,0.014,76.74,23,FALSE,3.3
"IMPC_ECH_009_001","HMGU","Echo","IMPC_ECH",1775,34,11,0.0192,0.0062,24.44,-23,TRUE,0.32
"IMPC_HEM_008_001","ICS","Hematology","IMPC_HEM",935,2,25,0.0021,0.0267,92.59,23,FALSE,12.5
"IMPC_HEM_019_001","MARC","Hematology","IMPC_HEM",740,76,53,0.1027,0.0716,41.09,-23,TRUE,0.7
"IMPC_HEM_036_001","TCP","Hematology","IMPC_HEM",1745,10,33,0.0057,0.0189,76.74,23,FALSE,3.3
"IMPC_OFD_012_001","JAX","Open Field","IMPC_OFD",6380,30,7,0.0047,0.0011,18.92,-23,TRUE,0.23
"IMPC_CBC_006_001","WTSI","Clinical Chemistry","IMPC_CBC",5060,25,3,0.0049,6e-04,10.71,-22,TRUE,0.12
"IMPC_CBC_054_001","WTSI","Clinical Chemistry","IMPC_CBC",5050,30,8,0.0059,0.0016,21.05,-22,TRUE,0.27
"IMPC_IPG_012_001","TCP","Intraperitoneal glucose tolerance test (IPGTT)","IMPC_IPG",2175,23,1,0.0106,5e-04,4.17,-22,TRUE,0.04
"IMPC_OFD_022_001","JAX","Open Field","IMPC_OFD",6380,29,7,0.0045,0.0011,19.44,-22,TRUE,0.24
"IMPC_ACS_035_001","MRC Harwell","Acoustic Startle and Pre-pulse Inhibition (PPI)","IMPC_ACS",3460,105,126,0.0303,0.0364,54.55,21,FALSE,1.2
"IMPC_CBC_011_001","HMGU","Clinical Chemistry","IMPC_CBC",1620,18,39,0.0111,0.0241,68.42,21,FALSE,2.17
"IMPC_CBC_012_001","ICS","Clinical Chemistry","IMPC_CBC",955,8,29,0.0084,0.0304,78.38,21,FALSE,3.62
"IMPC_ECG_002_001","TCP","Electrocardiogram (ECG)","IMPC_ECG",1805,25,4,0.0139,0.0022,13.79,-21,TRUE,0.16
"IMPC_ECG_004_001","TCP","Electrocardiogram (ECG)","IMPC_ECG",1805,24,3,0.0133,0.0017,11.11,-21,TRUE,0.12
"IMPC_ECG_010_001","BCM","Electrocardiogram (ECG)","IMPC_ECG",2365,10,31,0.0042,0.0131,75.61,21,FALSE,3.1
"IMPC_GRS_011_001","UC Davis","Grip Strength","IMPC_GRS",4280,23,2,0.0054,5e-04,8,-21,TRUE,0.09
"IMPC_HEM_005_001","TCP","Hematology","IMPC_HEM",1745,46,25,0.0264,0.0143,35.21,-21,TRUE,0.54
"IMPC_IPG_011_001","ICS","Intraperitoneal glucose tolerance test (IPGTT)","IMPC_IPG",990,2,23,0.002,0.0232,92,21,FALSE,11.5
"IMPC_OFD_018_001","HMGU","Open Field","IMPC_OFD",1610,1,22,6e-04,0.0137,95.65,21,FALSE,22
"IMPC_XRY_033_001","BCM","X-ray","IMPC_XRY",2685,70,49,0.0261,0.0182,41.18,-21,TRUE,0.7
"IMPC_CBC_012_001","JAX","Clinical Chemistry","IMPC_CBC",1650,25,5,0.0152,0.003,16.67,-20,TRUE,0.2
"IMPC_CBC_023_001","MRC Harwell","Clinical Chemistry","IMPC_CBC",2655,11,31,0.0041,0.0117,73.81,20,FALSE,2.82
"IMPC_DXA_005_001","ICS","Body Composition (DEXA lean/fat)","IMPC_DXA",825,0,20,0,0.0242,100,20,FALSE,Inf
"IMPC_FEA_003_001","UC Davis","Fear Conditioning","IMPC_FEA",1116,1,21,9e-04,0.0188,95.45,20,FALSE,21
"IMPC_HEM_004_001","UC Davis","Hematology","IMPC_HEM",4640,107,87,0.0231,0.0187,44.85,-20,TRUE,0.81
"IMPC_OFD_022_001","MRC Harwell","Open Field","IMPC_OFD",3155,0,20,0,0.0063,100,20,FALSE,Inf
"IMPC_ACS_006_001","BCM","Acoustic Startle and Pre-pulse Inhibition (PPI)","IMPC_ACS",2775,19,0,0.0068,0,0,-19,TRUE,0
"IMPC_CBC_014_001","MRC Harwell","Clinical Chemistry","IMPC_CBC",2810,22,3,0.0078,0.0011,12,-19,TRUE,0.14
"IMPC_CSD_032_001","ICS","Combined SHIRPA and Dysmorphology","IMPC_CSD",1015,3,22,0.003,0.0217,88,19,FALSE,7.33
"IMPC_DXA_004_001","MARC","Body Composition (DEXA lean/fat)","IMPC_DXA",945,187,168,0.1979,0.1778,47.32,-19,TRUE,0.9
"IMPC_DXA_005_001","BCM","Body Composition (DEXA lean/fat)","IMPC_DXA",2585,26,7,0.0101,0.0027,21.21,-19,TRUE,0.27
"IMPC_DXA_006_001","KMPC","Body Composition (DEXA lean/fat)","IMPC_DXA",203,1,20,0.0049,0.0985,95.24,19,FALSE,20
"IMPC_DXA_007_001","MARC","Body Composition (DEXA lean/fat)","IMPC_DXA",945,192,173,0.2032,0.1831,47.4,-19,TRUE,0.9
"IMPC_EYE_061_001","BCM","Eye Morphology","IMPC_EYE",1394,46,27,0.033,0.0194,36.99,-19,TRUE,0.59
"IMPC_GRS_011_001","JAX","Grip Strength","IMPC_GRS",5845,20,1,0.0034,2e-04,4.76,-19,TRUE,0.05
"IMPC_HEM_002_001","MRC Harwell","Hematology","IMPC_HEM",2570,4,23,0.0016,0.0089,85.19,19,FALSE,5.75
"IMPC_CBC_002_001","WTSI","Clinical Chemistry","IMPC_CBC",5060,19,1,0.0038,2e-04,5,-18,TRUE,0.05
"IMPC_CBC_013_001","WTSI","Clinical Chemistry","IMPC_CBC",5065,28,10,0.0055,0.002,26.32,-18,TRUE,0.36
"IMPC_CBC_014_001","MARC","Clinical Chemistry","IMPC_CBC",555,34,16,0.0613,0.0288,32,-18,TRUE,0.47
"IMPC_ECG_004_001","BCM","Electrocardiogram (ECG)","IMPC_ECG",3065,16,34,0.0052,0.0111,68,18,FALSE,2.12
"IMPC_HEM_003_001","MRC Harwell","Hematology","IMPC_HEM",2560,1,19,4e-04,0.0074,95,18,FALSE,19
"IMPC_HEM_006_001","TCP","Hematology","IMPC_HEM",1750,23,5,0.0131,0.0029,17.86,-18,TRUE,0.22
"IMPC_HEM_035_001","ICS","Hematology","IMPC_HEM",820,3,21,0.0037,0.0256,87.5,18,FALSE,7
"IMPC_OFD_012_001","UC Davis","Open Field","IMPC_OFD",1830,6,24,0.0033,0.0131,80,18,FALSE,4
"IMPC_ACS_033_001","MRC Harwell","Acoustic Startle and Pre-pulse Inhibition (PPI)","IMPC_ACS",3460,18,1,0.0052,3e-04,5.26,-17,TRUE,0.06
"IMPC_DXA_002_001","WTSI","Body Composition (DEXA lean/fat)","IMPC_DXA",5330,20,3,0.0038,6e-04,13.04,-17,TRUE,0.15
"IMPC_ECG_007_001","BCM","Electrocardiogram (ECG)","IMPC_ECG",3064,23,6,0.0075,0.002,20.69,-17,TRUE,0.26
"IMPC_ECG_014_001","BCM","Electrocardiogram (ECG)","IMPC_ECG",2365,17,34,0.0072,0.0144,66.67,17,FALSE,2
"IMPC_HEM_027_001","UC Davis","Hematology","IMPC_HEM",4640,26,9,0.0056,0.0019,25.71,-17,TRUE,0.35
"IMPC_HEM_032_001","TCP","Hematology","IMPC_HEM",1750,17,0,0.0097,0,0,-17,TRUE,0
"IMPC_IPG_012_001","ICS","Intraperitoneal glucose tolerance test (IPGTT)","IMPC_IPG",990,0,17,0,0.0172,100,17,FALSE,Inf
"IMPC_CBC_025_001","WTSI","Clinical Chemistry","IMPC_CBC",5065,21,5,0.0041,0.001,19.23,-16,TRUE,0.24
"IMPC_CSD_032_001","JAX","Combined SHIRPA and Dysmorphology","IMPC_CSD",5040,20,4,0.004,8e-04,16.67,-16,TRUE,0.2
"IMPC_DXA_009_001","UC Davis","Body Composition (DEXA lean/fat)","IMPC_DXA",4615,105,89,0.0228,0.0193,45.88,-16,TRUE,0.85
"IMPC_ECH_011_001","CCP-IMG","Echo","IMPC_ECH",615,1,17,0.0016,0.0276,94.44,16,FALSE,17
"IMPC_EYE_064_001","BCM","Eye Morphology","IMPC_EYE",1710,38,22,0.0222,0.0129,36.67,-16,TRUE,0.58
"IMPC_EYE_088_001","ICS","Eye Morphology","IMPC_EYE",825,4,20,0.0048,0.0242,83.33,16,FALSE,5
"IMPC_FEA_003_001","CCP-IMG","Fear Conditioning","IMPC_FEA",395,0,16,0,0.0405,100,16,FALSE,Inf
"IMPC_HEM_003_001","MARC","Hematology","IMPC_HEM",745,17,1,0.0228,0.0013,5.56,-16,TRUE,0.06
"IMPC_IMM_014_002","CCP-IMG","Immunophenotyping","IMPC_IMM",270,17,1,0.063,0.0037,5.56,-16,TRUE,0.06
"IMPC_CBC_005_001","ICS","Clinical Chemistry","IMPC_CBC",985,3,18,0.003,0.0183,85.71,15,FALSE,6
"IMPC_CBC_013_001","ICS","Clinical Chemistry","IMPC_CBC",975,18,3,0.0185,0.0031,14.29,-15,TRUE,0.17
"IMPC_DXA_007_001","BCM","Body Composition (DEXA lean/fat)","IMPC_DXA",2585,17,2,0.0066,8e-04,10.53,-15,TRUE,0.12
"IMPC_ECG_009_001","JAX","Electrocardiogram (ECG)","IMPC_ECG",6150,15,0,0.0024,0,0,-15,TRUE,0
"IMPC_ECH_014_001","BCM","Echo","IMPC_ECH",2480,15,0,0.006,0,0,-15,TRUE,0
"IMPC_EYE_070_001","BCM","Eye Morphology","IMPC_EYE",1725,101,86,0.0586,0.0499,45.99,-15,TRUE,0.85
"IMPC_HEM_006_001","MARC","Hematology","IMPC_HEM",745,5,20,0.0067,0.0268,80,15,FALSE,4
"IMPC_HEM_006_001","WTSI","Hematology","IMPC_HEM",4965,20,5,0.004,0.001,20,-15,TRUE,0.25
"IMPC_OFD_050_001","RBRC","Open Field","IMPC_OFD",415,15,0,0.0361,0,0,-15,TRUE,0
"IMPC_ACS_006_001","JAX","Acoustic Startle and Pre-pulse Inhibition (PPI)","IMPC_ACS",5275,16,2,0.003,4e-04,11.11,-14,TRUE,0.12
"IMPC_ACS_033_001","TCP","Acoustic Startle and Pre-pulse Inhibition (PPI)","IMPC_ACS",2110,21,7,0.01,0.0033,25,-14,TRUE,0.33
"IMPC_CAL_021_001","WTSI","Indirect Calorimetry","IMPC_CAL",3685,9,23,0.0024,0.0062,71.88,14,FALSE,2.56
"IMPC_CBC_006_001","BCM","Clinical Chemistry","IMPC_CBC",497,35,21,0.0704,0.0423,37.5,-14,TRUE,0.6
"IMPC_CBC_011_001","CCP-IMG","Clinical Chemistry","IMPC_CBC",580,16,2,0.0276,0.0034,11.11,-14,TRUE,0.12
"IMPC_CBC_012_001","CCP-IMG","Clinical Chemistry","IMPC_CBC",580,9,23,0.0155,0.0397,71.88,14,FALSE,2.56
"IMPC_CBC_013_001","JAX","Clinical Chemistry","IMPC_CBC",1649,21,7,0.0127,0.0042,25,-14,TRUE,0.33
"IMPC_DXA_009_001","WTSI","Body Composition (DEXA lean/fat)","IMPC_DXA",5330,21,7,0.0039,0.0013,25,-14,TRUE,0.33
"IMPC_OFD_015_001","MRC Harwell","Open Field","IMPC_OFD",3155,5,19,0.0016,0.006,79.17,14,FALSE,3.8
"IMPC_OFD_021_001","HMGU","Open Field","IMPC_OFD",1610,14,0,0.0087,0,0,-14,TRUE,0
"IMPC_ACS_006_001","CCP-IMG","Acoustic Startle and Pre-pulse Inhibition (PPI)","IMPC_ACS",580,14,1,0.0241,0.0017,6.67,-13,TRUE,0.07
"IMPC_ACS_034_001","MRC Harwell","Acoustic Startle and Pre-pulse Inhibition (PPI)","IMPC_ACS",3459,103,116,0.0298,0.0335,52.97,13,FALSE,1.13
"IMPC_ACS_036_001","JAX","Acoustic Startle and Pre-pulse Inhibition (PPI)","IMPC_ACS",715,13,0,0.0182,0,0,-13,TRUE,0
"IMPC_CBC_004_001","MARC","Clinical Chemistry","IMPC_CBC",555,3,16,0.0054,0.0288,84.21,13,FALSE,5.33
"IMPC_CBC_011_001","MRC Harwell","Clinical Chemistry","IMPC_CBC",2660,15,2,0.0056,8e-04,11.76,-13,TRUE,0.13
"IMPC_DXA_008_001","WTSI","Body Composition (DEXA lean/fat)","IMPC_DXA",5330,18,5,0.0034,9e-04,21.74,-13,TRUE,0.28
"IMPC_DXA_010_001","BCM","Body Composition (DEXA lean/fat)","IMPC_DXA",2585,20,7,0.0077,0.0027,25.93,-13,TRUE,0.35
"IMPC_ECH_004_001","MARC","Echo","IMPC_ECH",870,171,158,0.1966,0.1816,48.02,-13,TRUE,0.92
"IMPC_GRS_009_001","BCM","Grip Strength","IMPC_GRS",2975,17,4,0.0057,0.0013,19.05,-13,TRUE,0.24
"IMPC_GRS_010_001","JAX","Grip Strength","IMPC_GRS",5845,14,1,0.0024,2e-04,6.67,-13,TRUE,0.07
"IMPC_HEM_002_001","WTSI","Hematology","IMPC_HEM",4965,17,4,0.0034,8e-04,19.05,-13,TRUE,0.24
"IMPC_HEM_034_001","UC Davis","Hematology","IMPC_HEM",4514,144,157,0.0319,0.0348,52.16,13,FALSE,1.09
"IMPC_OFD_016_001","UC Davis","Open Field","IMPC_OFD",1651,13,0,0.0079,0,0,-13,TRUE,0
"IMPC_OFD_022_001","UC Davis","Open Field","IMPC_OFD",1613,14,1,0.0087,6e-04,6.67,-13,TRUE,0.07
"IMPC_ACS_034_001","BCM","Acoustic Startle and Pre-pulse Inhibition (PPI)","IMPC_ACS",2775,15,3,0.0054,0.0011,16.67,-12,TRUE,0.2
"IMPC_CAL_017_001","UC Davis","Indirect Calorimetry","IMPC_CAL",2550,17,5,0.0067,0.002,22.73,-12,TRUE,0.29
"IMPC_CBC_001_001","HMGU","Clinical Chemistry","IMPC_CBC",1585,16,4,0.0101,0.0025,20,-12,TRUE,0.25
"IMPC_CBC_002_001","HMGU","Clinical Chemistry","IMPC_CBC",1605,25,13,0.0156,0.0081,34.21,-12,TRUE,0.52
"IMPC_DXA_002_001","MRC Harwell","Body Composition (DEXA lean/fat)","IMPC_DXA",2765,13,1,0.0047,4e-04,7.14,-12,TRUE,0.08
"IMPC_DXA_004_001","HMGU","Body Composition (DEXA lean/fat)","IMPC_DXA",1150,5,17,0.0043,0.0148,77.27,12,FALSE,3.4
"IMPC_ECG_005_001","BCM","Electrocardiogram (ECG)","IMPC_ECG",2365,14,2,0.0059,8e-04,12.5,-12,TRUE,0.14
"IMPC_ECH_007_001","CCP-IMG","Echo","IMPC_ECH",615,3,15,0.0049,0.0244,83.33,12,FALSE,5
"IMPC_ECH_012_001","HMGU","Echo","IMPC_ECH",1775,20,8,0.0113,0.0045,28.57,-12,TRUE,0.4
"IMPC_EYE_062_001","BCM","Eye Morphology","IMPC_EYE",1710,23,11,0.0135,0.0064,32.35,-12,TRUE,0.48
"IMPC_OFD_017_001","MRC Harwell","Open Field","IMPC_OFD",3155,12,0,0.0038,0,0,-12,TRUE,0
"IMPC_XRY_033_001","TCP","X-ray","IMPC_XRY",2087,17,5,0.0081,0.0024,22.73,-12,TRUE,0.29
"IMPC_CAL_017_001","WTSI","Indirect Calorimetry","IMPC_CAL",3630,12,1,0.0033,3e-04,7.69,-11,TRUE,0.08
"IMPC_CBC_004_001","BCM","Clinical Chemistry","IMPC_CBC",497,20,9,0.0402,0.0181,31.03,-11,TRUE,0.45
"IMPC_CBC_010_001","WTSI","Clinical Chemistry","IMPC_CBC",5055,14,3,0.0028,6e-04,17.65,-11,TRUE,0.21
"IMPC_CBC_013_001","TCP","Clinical Chemistry","IMPC_CBC",2000,23,12,0.0115,0.006,34.29,-11,TRUE,0.52
"IMPC_CBC_014_001","ICS","Clinical Chemistry","IMPC_CBC",950,3,14,0.0032,0.0147,82.35,11,FALSE,4.67
"IMPC_CBC_018_001","MRC Harwell","Clinical Chemistry","IMPC_CBC",2815,12,1,0.0043,4e-04,7.69,-11,TRUE,0.08
"IMPC_CBC_026_001","WTSI","Clinical Chemistry","IMPC_CBC",5025,25,14,0.005,0.0028,35.9,-11,TRUE,0.56
"IMPC_ECG_002_001","JAX","Electrocardiogram (ECG)","IMPC_ECG",6895,26,37,0.0038,0.0054,58.73,11,FALSE,1.42
"IMPC_ECG_005_001","TCP","Electrocardiogram (ECG)","IMPC_ECG",1590,11,0,0.0069,0,0,-11,TRUE,0
"IMPC_ECH_008_001","BCM","Echo","IMPC_ECH",2545,11,0,0.0043,0,0,-11,TRUE,0
"IMPC_FEA_105_001","UC Davis","Fear Conditioning","IMPC_FEA",1680,14,3,0.0083,0.0018,17.65,-11,TRUE,0.21
"IMPC_FEA_107_001","UC Davis","Fear Conditioning","IMPC_FEA",1680,16,27,0.0095,0.0161,62.79,11,FALSE,1.69
"IMPC_GRS_009_001","UC Davis","Grip Strength","IMPC_GRS",4280,12,1,0.0028,2e-04,7.69,-11,TRUE,0.08
"IMPC_HEM_030_001","TCP","Hematology","IMPC_HEM",1750,9,20,0.0051,0.0114,68.97,11,FALSE,2.22
"IMPC_HEM_037_001","TCP","Hematology","IMPC_HEM",1643,22,11,0.0134,0.0067,33.33,-11,TRUE,0.5
"IMPC_OFD_021_001","UC Davis","Open Field","IMPC_OFD",1975,11,0,0.0056,0,0,-11,TRUE,0
"IMPC_OWT_002_001","BCM","Organ Weight","IMPC_OWT",1069,12,1,0.0112,9e-04,7.69,-11,TRUE,0.08
"IMPC_XRY_033_001","MRC Harwell","X-ray","IMPC_XRY",2770,14,3,0.0051,0.0011,17.65,-11,TRUE,0.21
"IMPC_CBC_023_001","HMGU","Clinical Chemistry","IMPC_CBC",1620,5,15,0.0031,0.0093,75,10,FALSE,3
"IMPC_CBC_058_001","JAX","Clinical Chemistry","IMPC_CBC",1605,15,5,0.0093,0.0031,25,-10,TRUE,0.33
"IMPC_DXA_004_001","WTSI","Body Composition (DEXA lean/fat)","IMPC_DXA",5330,13,3,0.0024,6e-04,18.75,-10,TRUE,0.23
"IMPC_DXA_006_001","BCM","Body Composition (DEXA lean/fat)","IMPC_DXA",2585,372,362,0.1439,0.14,49.32,-10,TRUE,0.97
"IMPC_DXA_008_001","JAX","Body Composition (DEXA lean/fat)","IMPC_DXA",6060,35,25,0.0058,0.0041,41.67,-10,TRUE,0.71
"IMPC_DXA_010_001","WTSI","Body Composition (DEXA lean/fat)","IMPC_DXA",5330,19,9,0.0036,0.0017,32.14,-10,TRUE,0.47
"IMPC_HEM_001_001","WTSI","Hematology","IMPC_HEM",4965,12,2,0.0024,4e-04,14.29,-10,TRUE,0.17
"IMPC_INS_001_001","WTSI","Insulin Blood Level","IMPC_INS",4210,10,0,0.0024,0,0,-10,TRUE,0
"IMPC_OFD_009_001","UC Davis","Open Field","IMPC_OFD",1702,10,0,0.0059,0,0,-10,TRUE,0
"IMPC_OFD_013_001","UC Davis","Open Field","IMPC_OFD",1794,10,0,0.0056,0,0,-10,TRUE,0
"IMPC_ACS_034_001","JAX","Acoustic Startle and Pre-pulse Inhibition (PPI)","IMPC_ACS",5275,12,3,0.0023,6e-04,20,-9,TRUE,0.25
"IMPC_CBC_004_001","HMGU","Clinical Chemistry","IMPC_CBC",1620,11,2,0.0068,0.0012,15.38,-9,TRUE,0.18
"IMPC_CBC_007_001","TCP","Clinical Chemistry","IMPC_CBC",2000,9,0,0.0045,0,0,-9,TRUE,0
"IMPC_CBC_018_001","RBRC","Clinical Chemistry","IMPC_CBC",395,9,0,0.0228,0,0,-9,TRUE,0
"IMPC_DXA_003_001","MARC","Body Composition (DEXA lean/fat)","IMPC_DXA",945,194,185,0.2053,0.1958,48.81,-9,TRUE,0.95
"IMPC_DXA_005_001","MARC","Body Composition (DEXA lean/fat)","IMPC_DXA",945,208,199,0.2201,0.2106,48.89,-9,TRUE,0.96
"IMPC_DXA_007_001","ICS","Body Composition (DEXA lean/fat)","IMPC_DXA",825,0,9,0,0.0109,100,9,FALSE,Inf
"IMPC_DXA_008_001","BCM","Body Composition (DEXA lean/fat)","IMPC_DXA",2585,11,2,0.0043,8e-04,15.38,-9,TRUE,0.18
"IMPC_DXA_008_001","MARC","Body Composition (DEXA lean/fat)","IMPC_DXA",945,160,151,0.1693,0.1598,48.55,-9,TRUE,0.94
"IMPC_DXA_009_001","MRC Harwell","Body Composition (DEXA lean/fat)","IMPC_DXA",2765,10,1,0.0036,4e-04,9.09,-9,TRUE,0.1
"IMPC_ECG_014_001","MRC Harwell","Electrocardiogram (ECG)","IMPC_ECG",630,11,2,0.0175,0.0032,15.38,-9,TRUE,0.18
"IMPC_ECH_004_001","BCM","Echo","IMPC_ECH",2545,9,0,0.0035,0,0,-9,TRUE,0
"IMPC_EYE_063_001","BCM","Eye Morphology","IMPC_EYE",1710,10,19,0.0058,0.0111,65.52,9,FALSE,1.9
"IMPC_GRS_011_001","HMGU","Grip Strength","IMPC_GRS",1500,14,5,0.0093,0.0033,26.32,-9,TRUE,0.36
"IMPC_HEM_003_001","UC Davis","Hematology","IMPC_HEM",4640,94,85,0.0203,0.0183,47.49,-9,TRUE,0.9
"IMPC_HEM_004_001","BCM","Hematology","IMPC_HEM",397,14,5,0.0353,0.0126,26.32,-9,TRUE,0.36
"IMPC_HEM_035_001","MARC","Hematology","IMPC_HEM",725,0,9,0,0.0124,100,9,FALSE,Inf
"IMPC_HEM_037_001","MARC","Hematology","IMPC_HEM",454,0,9,0,0.0198,100,9,FALSE,Inf
"IMPC_HEM_039_001","ICS","Hematology","IMPC_HEM",820,3,12,0.0037,0.0146,80,9,FALSE,4
"IMPC_IPG_012_001","JAX","Intraperitoneal glucose tolerance test (IPGTT)","IMPC_IPG",5360,40,49,0.0075,0.0091,55.06,9,FALSE,1.23
"IMPC_OFD_017_001","MARC","Open Field","IMPC_OFD",855,6,15,0.007,0.0175,71.43,9,FALSE,2.5
"IMPC_CBC_003_001","WTSI","Clinical Chemistry","IMPC_CBC",5060,17,9,0.0034,0.0018,34.62,-8,TRUE,0.53
"IMPC_CBC_006_001","ICS","Clinical Chemistry","IMPC_CBC",1000,0,8,0,0.008,100,8,FALSE,Inf
"IMPC_CBC_021_001","HMGU","Clinical Chemistry","IMPC_CBC",1590,21,29,0.0132,0.0182,58,8,FALSE,1.38
"IMPC_CBC_027_001","WTSI","Clinical Chemistry","IMPC_CBC",5060,11,3,0.0022,6e-04,21.43,-8,TRUE,0.27
"IMPC_DXA_003_001","WTSI","Body Composition (DEXA lean/fat)","IMPC_DXA",5330,11,3,0.0021,6e-04,21.43,-8,TRUE,0.27
"IMPC_DXA_009_001","JAX","Body Composition (DEXA lean/fat)","IMPC_DXA",6060,11,3,0.0018,5e-04,21.43,-8,TRUE,0.27
"IMPC_DXA_009_001","MARC","Body Composition (DEXA lean/fat)","IMPC_DXA",945,12,4,0.0127,0.0042,25,-8,TRUE,0.33
"IMPC_ECG_003_001","HMGU","Electrocardiogram (ECG)","IMPC_ECG",1130,16,8,0.0142,0.0071,33.33,-8,TRUE,0.5
"IMPC_ECH_003_001","CCP-IMG","Echo","IMPC_ECH",615,9,1,0.0146,0.0016,10,-8,TRUE,0.11
"IMPC_GRS_008_001","HMGU","Grip Strength","IMPC_GRS",1535,14,6,0.0091,0.0039,30,-8,TRUE,0.43
"IMPC_GRS_010_001","MRC Harwell","Grip Strength","IMPC_GRS",3465,11,3,0.0032,9e-04,21.43,-8,TRUE,0.27
"IMPC_HEM_003_001","WTSI","Hematology","IMPC_HEM",4965,30,38,0.006,0.0077,55.88,8,FALSE,1.27
"IMPC_HEM_036_001","MARC","Hematology","IMPC_HEM",720,1,9,0.0014,0.0125,90,8,FALSE,9
"IMPC_HWT_002_001","KMPC","Heart Weight","IMPC_HWT",210,0,8,0,0.0381,100,8,FALSE,Inf
"IMPC_OFD_014_001","UC Davis","Open Field","IMPC_OFD",2040,8,0,0.0039,0,0,-8,TRUE,0
"IMPC_OFD_017_001","JAX","Open Field","IMPC_OFD",6380,12,4,0.0019,6e-04,25,-8,TRUE,0.33
"IMPC_OFD_020_001","TCP","Open Field","IMPC_OFD",2075,8,0,0.0039,0,0,-8,TRUE,0
"IMPC_ACS_006_001","KMPC","Acoustic Startle and Pre-pulse Inhibition (PPI)","IMPC_ACS",230,7,0,0.0304,0,0,-7,TRUE,0
"IMPC_ACS_036_001","HMGU","Acoustic Startle and Pre-pulse Inhibition (PPI)","IMPC_ACS",1675,13,6,0.0078,0.0036,31.58,-7,TRUE,0.46
"IMPC_CAL_008_001","WTSI","Indirect Calorimetry","IMPC_CAL",3670,10,3,0.0027,8e-04,23.08,-7,TRUE,0.3
"IMPC_CBC_005_001","CCP-IMG","Clinical Chemistry","IMPC_CBC",570,7,0,0.0123,0,0,-7,TRUE,0
"IMPC_CBC_008_001","ICS","Clinical Chemistry","IMPC_CBC",1005,2,9,0.002,0.009,81.82,7,FALSE,4.5
"IMPC_CBC_014_001","UC Davis","Clinical Chemistry","IMPC_CBC",2805,10,3,0.0036,0.0011,23.08,-7,TRUE,0.3
"IMPC_CBC_015_001","WTSI","Clinical Chemistry","IMPC_CBC",5065,8,1,0.0016,2e-04,11.11,-7,TRUE,0.12
"IMPC_CBC_016_001","TCP","Clinical Chemistry","IMPC_CBC",2000,7,0,0.0035,0,0,-7,TRUE,0
"IMPC_CBC_017_001","JAX","Clinical Chemistry","IMPC_CBC",1565,7,0,0.0045,0,0,-7,TRUE,0
"IMPC_DXA_002_001","JAX","Body Composition (DEXA lean/fat)","IMPC_DXA",6060,8,1,0.0013,2e-04,11.11,-7,TRUE,0.12
"IMPC_DXA_004_001","BCM","Body Composition (DEXA lean/fat)","IMPC_DXA",2585,8,1,0.0031,4e-04,11.11,-7,TRUE,0.12
"IMPC_DXA_005_001","WTSI","Body Composition (DEXA lean/fat)","IMPC_DXA",5330,15,8,0.0028,0.0015,34.78,-7,TRUE,0.53
"IMPC_DXA_007_001","TCP","Body Composition (DEXA lean/fat)","IMPC_DXA",2110,11,4,0.0052,0.0019,26.67,-7,TRUE,0.36
"IMPC_ECG_002_001","HMGU","Electrocardiogram (ECG)","IMPC_ECG",1735,5,12,0.0029,0.0069,70.59,7,FALSE,2.4
"IMPC_ECH_003_001","BCM","Echo","IMPC_ECH",2545,7,0,0.0028,0,0,-7,TRUE,0
"IMPC_ECH_005_001","BCM","Echo","IMPC_ECH",2545,7,0,0.0028,0,0,-7,TRUE,0
"IMPC_ECH_005_001","HMGU","Echo","IMPC_ECH",1775,8,1,0.0045,6e-04,11.11,-7,TRUE,0.12
"IMPC_ECH_011_001","MARC","Echo","IMPC_ECH",870,10,3,0.0115,0.0034,23.08,-7,TRUE,0.3
"IMPC_ECH_016_001","HMGU","Echo","IMPC_ECH",1430,19,12,0.0133,0.0084,38.71,-7,TRUE,0.63
"IMPC_GRS_009_001","HMGU","Grip Strength","IMPC_GRS",1510,10,3,0.0066,0.002,23.08,-7,TRUE,0.3
"IMPC_HEM_001_001","HMGU","Hematology","IMPC_HEM",1540,7,0,0.0045,0,0,-7,TRUE,0
"IMPC_HEM_002_001","JAX","Hematology","IMPC_HEM",1180,24,17,0.0203,0.0144,41.46,-7,TRUE,0.71
"IMPC_HEM_002_001","UC Davis","Hematology","IMPC_HEM",4536,25,18,0.0055,0.004,41.86,-7,TRUE,0.72
"IMPC_HEM_003_001","BCM","Hematology","IMPC_HEM",398,31,24,0.0779,0.0603,43.64,-7,TRUE,0.77
"IMPC_HEM_007_001","RBRC","Hematology","IMPC_HEM",405,0,7,0,0.0173,100,7,FALSE,Inf
"IMPC_HEM_019_001","WTSI","Hematology","IMPC_HEM",4965,13,6,0.0026,0.0012,31.58,-7,TRUE,0.46
"IMPC_HEM_036_001","ICS","Hematology","IMPC_HEM",820,7,14,0.0085,0.0171,66.67,7,FALSE,2
"IMPC_IPG_010_001","BCM","Intraperitoneal glucose tolerance test (IPGTT)","IMPC_IPG",2235,7,0,0.0031,0,0,-7,TRUE,0
"IMPC_OFD_010_001","MRC Harwell","Open Field","IMPC_OFD",3155,9,2,0.0029,6e-04,18.18,-7,TRUE,0.22
"IMPC_OFD_011_001","HMGU","Open Field","IMPC_OFD",1610,8,1,0.005,6e-04,11.11,-7,TRUE,0.12
"IMPC_OFD_021_001","JAX","Open Field","IMPC_OFD",6380,17,10,0.0027,0.0016,37.04,-7,TRUE,0.59
"IMPC_ACS_006_001","UC Davis","Acoustic Startle and Pre-pulse Inhibition (PPI)","IMPC_ACS",4855,8,2,0.0016,4e-04,20,-6,TRUE,0.25
"IMPC_ACS_033_001","BCM","Acoustic Startle and Pre-pulse Inhibition (PPI)","IMPC_ACS",2775,9,15,0.0032,0.0054,62.5,6,FALSE,1.67
"IMPC_CBC_004_001","JAX","Clinical Chemistry","IMPC_CBC",1575,7,1,0.0044,6e-04,12.5,-6,TRUE,0.14
"IMPC_CBC_004_001","MRC Harwell","Clinical Chemistry","IMPC_CBC",2815,8,2,0.0028,7e-04,20,-6,TRUE,0.25
"IMPC_CBC_005_001","TCP","Clinical Chemistry","IMPC_CBC",2000,8,2,0.004,0.001,20,-6,TRUE,0.25
"IMPC_CBC_007_001","WTSI","Clinical Chemistry","IMPC_CBC",5065,7,1,0.0014,2e-04,12.5,-6,TRUE,0.14
"IMPC_CBC_008_001","RBRC","Clinical Chemistry","IMPC_CBC",395,1,7,0.0025,0.0177,87.5,6,FALSE,7
"IMPC_CBC_009_001","HMGU","Clinical Chemistry","IMPC_CBC",1620,8,2,0.0049,0.0012,20,-6,TRUE,0.25
"IMPC_CBC_009_001","JAX","Clinical Chemistry","IMPC_CBC",1645,6,0,0.0036,0,0,-6,TRUE,0
"IMPC_CBC_011_001","MARC","Clinical Chemistry","IMPC_CBC",555,6,0,0.0108,0,0,-6,TRUE,0
"IMPC_CBC_015_001","JAX","Clinical Chemistry","IMPC_CBC",1605,10,4,0.0062,0.0025,28.57,-6,TRUE,0.4
"IMPC_CBC_020_001","WTSI","Clinical Chemistry","IMPC_CBC",5010,27,21,0.0054,0.0042,43.75,-6,TRUE,0.78
"IMPC_CBC_058_001","MARC","Clinical Chemistry","IMPC_CBC",555,6,0,0.0108,0,0,-6,TRUE,0
"IMPC_DXA_004_001","ICS","Body Composition (DEXA lean/fat)","IMPC_DXA",825,14,8,0.017,0.0097,36.36,-6,TRUE,0.57
"IMPC_DXA_008_001","MRC Harwell","Body Composition (DEXA lean/fat)","IMPC_DXA",2765,6,0,0.0022,0,0,-6,TRUE,0
"IMPC_ECG_011_001","JAX","Electrocardiogram (ECG)","IMPC_ECG",6147,36,30,0.0059,0.0049,45.45,-6,TRUE,0.83
"IMPC_ECH_001_001","BCM","Echo","IMPC_ECH",2545,6,0,0.0024,0,0,-6,TRUE,0
"IMPC_EYE_056_001","HMGU","Eye Morphology","IMPC_EYE",750,8,14,0.0107,0.0187,63.64,6,FALSE,1.75
"IMPC_FEA_003_001","TCP","Fear Conditioning","IMPC_FEA",935,6,12,0.0064,0.0128,66.67,6,FALSE,2
"IMPC_FEA_106_001","TCP","Fear Conditioning","IMPC_FEA",934,7,1,0.0075,0.0011,12.5,-6,TRUE,0.14
"IMPC_HEM_004_001","WTSI","Hematology","IMPC_HEM",4965,7,1,0.0014,2e-04,12.5,-6,TRUE,0.14
"IMPC_HEM_007_001","ICS","Hematology","IMPC_HEM",935,6,0,0.0064,0,0,-6,TRUE,0
"IMPC_HEM_007_001","JAX","Hematology","IMPC_HEM",1185,7,1,0.0059,8e-04,12.5,-6,TRUE,0.14
"IMPC_HEM_007_001","MARC","Hematology","IMPC_HEM",745,1,7,0.0013,0.0094,87.5,6,FALSE,7
"IMPC_HEM_008_001","BCM","Hematology","IMPC_HEM",398,16,10,0.0402,0.0251,38.46,-6,TRUE,0.62
"IMPC_HEM_035_001","MRC Harwell","Hematology","IMPC_HEM",2570,8,14,0.0031,0.0054,63.64,6,FALSE,1.75
"IMPC_HEM_037_001","MRC Harwell","Hematology","IMPC_HEM",2570,8,2,0.0031,8e-04,20,-6,TRUE,0.25
"IMPC_HEM_038_001","MARC","Hematology","IMPC_HEM",725,1,7,0.0014,0.0097,87.5,6,FALSE,7
"IMPC_HEM_040_001","ICS","Hematology","IMPC_HEM",820,7,13,0.0085,0.0159,65,6,FALSE,1.86
"IMPC_HWT_008_001","WTSI","Heart Weight","IMPC_HWT",3350,6,0,0.0018,0,0,-6,TRUE,0
"IMPC_INS_001_001","UC Davis","Insulin Blood Level","IMPC_INS",2830,7,1,0.0025,4e-04,12.5,-6,TRUE,0.14
"IMPC_IPG_010_001","WTSI","Intraperitoneal glucose tolerance test (IPGTT)","IMPC_IPG",3600,7,1,0.0019,3e-04,12.5,-6,TRUE,0.14
"IMPC_OFD_007_001","HMGU","Open Field","IMPC_OFD",1610,6,0,0.0037,0,0,-6,TRUE,0
"IMPC_OFD_010_001","UC Davis","Open Field","IMPC_OFD",1869,8,2,0.0043,0.0011,20,-6,TRUE,0.25
"IMPC_OFD_015_001","ICS","Open Field","IMPC_OFD",1020,5,11,0.0049,0.0108,68.75,6,FALSE,2.2
"IMPC_ACS_035_001","MARC","Acoustic Startle and Pre-pulse Inhibition (PPI)","IMPC_ACS",950,5,0,0.0053,0,0,-5,TRUE,0
"IMPC_ACS_037_001","CCP-IMG","Acoustic Startle and Pre-pulse Inhibition (PPI)","IMPC_ACS",580,6,1,0.0103,0.0017,14.29,-5,TRUE,0.17
"IMPC_CAL_008_001","TCP","Indirect Calorimetry","IMPC_CAL",320,7,2,0.0219,0.0063,22.22,-5,TRUE,0.29
"IMPC_CBC_001_001","WTSI","Clinical Chemistry","IMPC_CBC",5060,28,33,0.0055,0.0065,54.1,5,FALSE,1.18
"IMPC_CBC_005_001","KMPC","Clinical Chemistry","IMPC_CBC",122,4,9,0.0328,0.0738,69.23,5,FALSE,2.25
"IMPC_CBC_005_001","MRC Harwell","Clinical Chemistry","IMPC_CBC",2735,7,2,0.0026,7e-04,22.22,-5,TRUE,0.29
"IMPC_CBC_005_001","UC Davis","Clinical Chemistry","IMPC_CBC",2780,6,1,0.0022,4e-04,14.29,-5,TRUE,0.17
"IMPC_CBC_009_001","ICS","Clinical Chemistry","IMPC_CBC",1005,0,5,0,0.005,100,5,FALSE,Inf
"IMPC_CBC_009_001","UC Davis","Clinical Chemistry","IMPC_CBC",2800,10,15,0.0036,0.0054,60,5,FALSE,1.5
"IMPC_CBC_009_001","WTSI","Clinical Chemistry","IMPC_CBC",5060,7,2,0.0014,4e-04,22.22,-5,TRUE,0.29
"IMPC_CBC_012_001","HMGU","Clinical Chemistry","IMPC_CBC",1610,10,5,0.0062,0.0031,33.33,-5,TRUE,0.5
"IMPC_CBC_016_001","HMGU","Clinical Chemistry","IMPC_CBC",1615,5,0,0.0031,0,0,-5,TRUE,0
"IMPC_CBC_018_001","JAX","Clinical Chemistry","IMPC_CBC",1530,6,1,0.0039,7e-04,14.29,-5,TRUE,0.17
"IMPC_CBC_023_001","WTSI","Clinical Chemistry","IMPC_CBC",5060,3,8,6e-04,0.0016,72.73,5,FALSE,2.67
"IMPC_CBC_058_001","ICS","Clinical Chemistry","IMPC_CBC",845,6,1,0.0071,0.0012,14.29,-5,TRUE,0.17
"IMPC_DXA_002_001","ICS","Body Composition (DEXA lean/fat)","IMPC_DXA",875,7,2,0.008,0.0023,22.22,-5,TRUE,0.29
"IMPC_DXA_002_001","MARC","Body Composition (DEXA lean/fat)","IMPC_DXA",945,6,1,0.0063,0.0011,14.29,-5,TRUE,0.17
"IMPC_DXA_003_001","JAX","Body Composition (DEXA lean/fat)","IMPC_DXA",6060,7,2,0.0012,3e-04,22.22,-5,TRUE,0.29
"IMPC_DXA_005_001","HMGU","Body Composition (DEXA lean/fat)","IMPC_DXA",1150,7,12,0.0061,0.0104,63.16,5,FALSE,1.71
"IMPC_ECG_004_001","MRC Harwell","Electrocardiogram (ECG)","IMPC_ECG",1695,21,16,0.0124,0.0094,43.24,-5,TRUE,0.76
"IMPC_ECG_007_001","ICS","Electrocardiogram (ECG)","IMPC_ECG",820,21,26,0.0256,0.0317,55.32,5,FALSE,1.24
"IMPC_ECG_008_001","JAX","Electrocardiogram (ECG)","IMPC_ECG",6150,9,4,0.0015,7e-04,30.77,-5,TRUE,0.44
"IMPC_ECH_005_001","ICS","Echo","IMPC_ECH",820,1,6,0.0012,0.0073,85.71,5,FALSE,6
"IMPC_ECH_006_001","BCM","Echo","IMPC_ECH",2545,5,0,0.002,0,0,-5,TRUE,0
"IMPC_ECH_013_001","BCM","Echo","IMPC_ECH",2545,6,1,0.0024,4e-04,14.29,-5,TRUE,0.17
"IMPC_FEA_015_001","CCP-IMG","Fear Conditioning","IMPC_FEA",216,0,5,0,0.0231,100,5,FALSE,Inf
"IMPC_GRS_008_001","WTSI","Grip Strength","IMPC_GRS",3660,7,2,0.0019,5e-04,22.22,-5,TRUE,0.29
"IMPC_GRS_010_001","WTSI","Grip Strength","IMPC_GRS",3660,5,10,0.0014,0.0027,66.67,5,FALSE,2
"IMPC_HEM_005_001","JAX","Hematology","IMPC_HEM",1185,7,2,0.0059,0.0017,22.22,-5,TRUE,0.29
"IMPC_HEM_005_001","UC Davis","Hematology","IMPC_HEM",4519,135,140,0.0299,0.031,50.91,5,FALSE,1.04
"IMPC_HEM_007_001","UC Davis","Hematology","IMPC_HEM",4640,90,95,0.0194,0.0205,51.35,5,FALSE,1.06
"IMPC_HEM_027_001","MRC Harwell","Hematology","IMPC_HEM",2575,8,13,0.0031,0.005,61.9,5,FALSE,1.62
"IMPC_HEM_031_001","TCP","Hematology","IMPC_HEM",1750,6,11,0.0034,0.0063,64.71,5,FALSE,1.83
"IMPC_HWT_008_001","BCM","Heart Weight","IMPC_HWT",1734,18,13,0.0104,0.0075,41.94,-5,TRUE,0.72
"IMPC_INS_001_001","HMGU","Insulin Blood Level","IMPC_INS",835,6,1,0.0072,0.0012,14.29,-5,TRUE,0.17
"IMPC_IPG_011_001","MRC Harwell","Intraperitoneal glucose tolerance test (IPGTT)","IMPC_IPG",3150,5,0,0.0016,0,0,-5,TRUE,0
"IMPC_IPG_011_001","WTSI","Intraperitoneal glucose tolerance test (IPGTT)","IMPC_IPG",3600,8,3,0.0022,8e-04,27.27,-5,TRUE,0.38
"IMPC_IPG_012_001","RBRC","Intraperitoneal glucose tolerance test (IPGTT)","IMPC_IPG",450,5,0,0.0111,0,0,-5,TRUE,0
"IMPC_IPG_012_001","UC Davis","Intraperitoneal glucose tolerance test (IPGTT)","IMPC_IPG",5365,7,12,0.0013,0.0022,63.16,5,FALSE,1.71
"IMPC_IPG_012_001","WTSI","Intraperitoneal glucose tolerance test (IPGTT)","IMPC_IPG",3600,6,1,0.0017,3e-04,14.29,-5,TRUE,0.17
"IMPC_LDT_008_001","TCP","Light-Dark Test","IMPC_LDT",690,5,0,0.0072,0,0,-5,TRUE,0
"IMPC_OFD_012_001","MRC Harwell","Open Field","IMPC_OFD",3155,2,7,6e-04,0.0022,77.78,5,FALSE,3.5
"IMPC_OFD_050_001","MRC Harwell","Open Field","IMPC_OFD",3155,7,2,0.0022,6e-04,22.22,-5,TRUE,0.29
"IMPC_OFD_050_001","TCP","Open Field","IMPC_OFD",2075,8,3,0.0039,0.0014,27.27,-5,TRUE,0.38
"IMPC_OWT_023_001","CCP-IMG","Organ Weight","IMPC_OWT",565,5,0,0.0088,0,0,-5,TRUE,0
"IMPC_ACS_033_001","HMGU","Acoustic Startle and Pre-pulse Inhibition (PPI)","IMPC_ACS",1675,4,0,0.0024,0,0,-4,TRUE,0
"IMPC_ACS_034_001","KMPC","Acoustic Startle and Pre-pulse Inhibition (PPI)","IMPC_ACS",230,4,0,0.0174,0,0,-4,TRUE,0
"IMPC_ACS_034_001","UC Davis","Acoustic Startle and Pre-pulse Inhibition (PPI)","IMPC_ACS",4855,9,5,0.0019,0.001,35.71,-4,TRUE,0.56
"IMPC_ACS_035_001","JAX","Acoustic Startle and Pre-pulse Inhibition (PPI)","IMPC_ACS",5275,10,6,0.0019,0.0011,37.5,-4,TRUE,0.6
"IMPC_ACS_035_001","TCP","Acoustic Startle and Pre-pulse Inhibition (PPI)","IMPC_ACS",2110,8,4,0.0038,0.0019,33.33,-4,TRUE,0.5
"IMPC_ACS_036_001","KMPC","Acoustic Startle and Pre-pulse Inhibition (PPI)","IMPC_ACS",230,4,0,0.0174,0,0,-4,TRUE,0
"IMPC_CBC_002_001","MRC Harwell","Clinical Chemistry","IMPC_CBC",2650,5,1,0.0019,4e-04,16.67,-4,TRUE,0.2
"IMPC_CBC_004_001","KMPC","Clinical Chemistry","IMPC_CBC",195,4,0,0.0205,0,0,-4,TRUE,0
"IMPC_CBC_005_001","MARC","Clinical Chemistry","IMPC_CBC",555,0,4,0,0.0072,100,4,FALSE,Inf
"IMPC_CBC_006_001","CCP-IMG","Clinical Chemistry","IMPC_CBC",580,4,0,0.0069,0,0,-4,TRUE,0
"IMPC_CBC_006_001","TCP","Clinical Chemistry","IMPC_CBC",2000,5,1,0.0025,5e-04,16.67,-4,TRUE,0.2
"IMPC_CBC_007_001","ICS","Clinical Chemistry","IMPC_CBC",1010,1,5,0.001,0.005,83.33,4,FALSE,5
"IMPC_CBC_008_001","JAX","Clinical Chemistry","IMPC_CBC",1640,5,1,0.003,6e-04,16.67,-4,TRUE,0.2
"IMPC_CBC_008_001","WTSI","Clinical Chemistry","IMPC_CBC",5050,9,5,0.0018,0.001,35.71,-4,TRUE,0.56
"IMPC_CBC_010_001","BCM","Clinical Chemistry","IMPC_CBC",473,4,0,0.0085,0,0,-4,TRUE,0
"IMPC_CBC_010_001","HMGU","Clinical Chemistry","IMPC_CBC",1620,5,1,0.0031,6e-04,16.67,-4,TRUE,0.2
"IMPC_CBC_012_001","BCM","Clinical Chemistry","IMPC_CBC",500,22,18,0.044,0.036,45,-4,TRUE,0.82
"IMPC_CBC_013_001","HMGU","Clinical Chemistry","IMPC_CBC",1620,8,4,0.0049,0.0025,33.33,-4,TRUE,0.5
"IMPC_CBC_015_001","MRC Harwell","Clinical Chemistry","IMPC_CBC",2760,0,4,0,0.0014,100,4,FALSE,Inf
"IMPC_CBC_015_001","UC Davis","Clinical Chemistry","IMPC_CBC",2700,4,0,0.0015,0,0,-4,TRUE,0
"IMPC_CBC_018_001","BCM","Clinical Chemistry","IMPC_CBC",475,5,1,0.0105,0.0021,16.67,-4,TRUE,0.2
"IMPC_CBC_024_001","HMGU","Clinical Chemistry","IMPC_CBC",1600,12,8,0.0075,0.005,40,-4,TRUE,0.67
"IMPC_DXA_004_001","MRC Harwell","Body Composition (DEXA lean/fat)","IMPC_DXA",2765,3,7,0.0011,0.0025,70,4,FALSE,2.33
"IMPC_DXA_004_001","TCP","Body Composition (DEXA lean/fat)","IMPC_DXA",2110,4,0,0.0019,0,0,-4,TRUE,0
"IMPC_DXA_005_001","TCP","Body Composition (DEXA lean/fat)","IMPC_DXA",2110,6,2,0.0028,9e-04,25,-4,TRUE,0.33
"IMPC_DXA_007_001","HMGU","Body Composition (DEXA lean/fat)","IMPC_DXA",1150,5,9,0.0043,0.0078,64.29,4,FALSE,1.8
"IMPC_ECG_007_001","UC Davis","Electrocardiogram (ECG)","IMPC_ECG",4849,7,3,0.0014,6e-04,30,-4,TRUE,0.43
"IMPC_ECG_008_001","ICS","Electrocardiogram (ECG)","IMPC_ECG",815,0,4,0,0.0049,100,4,FALSE,Inf
"IMPC_ECG_010_001","HMGU","Electrocardiogram (ECG)","IMPC_ECG",1130,11,7,0.0097,0.0062,38.89,-4,TRUE,0.64
"IMPC_ECG_014_001","TCP","Electrocardiogram (ECG)","IMPC_ECG",1590,11,7,0.0069,0.0044,38.89,-4,TRUE,0.64
"IMPC_ECH_004_001","HMGU","Echo","IMPC_ECH",1775,7,3,0.0039,0.0017,30,-4,TRUE,0.43
"IMPC_ECH_009_001","BCM","Echo","IMPC_ECH",2545,4,0,0.0016,0,0,-4,TRUE,0
"IMPC_ECH_011_001","BCM","Echo","IMPC_ECH",2545,4,0,0.0016,0,0,-4,TRUE,0
"IMPC_EYE_063_001","ICS","Eye Morphology","IMPC_EYE",835,6,2,0.0072,0.0024,25,-4,TRUE,0.33
"IMPC_FEA_105_001","TCP","Fear Conditioning","IMPC_FEA",935,8,4,0.0086,0.0043,33.33,-4,TRUE,0.5
"IMPC_GRS_008_001","BCM","Grip Strength","IMPC_GRS",2975,4,0,0.0013,0,0,-4,TRUE,0
"IMPC_GRS_008_001","MRC Harwell","Grip Strength","IMPC_GRS",3465,5,1,0.0014,3e-04,16.67,-4,TRUE,0.2
"IMPC_GRS_008_001","TCP","Grip Strength","IMPC_GRS",2205,8,4,0.0036,0.0018,33.33,-4,TRUE,0.5
"IMPC_GRS_009_001","JAX","Grip Strength","IMPC_GRS",5845,6,2,0.001,3e-04,25,-4,TRUE,0.33
"IMPC_GRS_009_001","WTSI","Grip Strength","IMPC_GRS",3660,8,4,0.0022,0.0011,33.33,-4,TRUE,0.5
"IMPC_GRS_010_001","BCM","Grip Strength","IMPC_GRS",2975,8,4,0.0027,0.0013,33.33,-4,TRUE,0.5
"IMPC_GRS_011_001","MRC Harwell","Grip Strength","IMPC_GRS",3465,8,12,0.0023,0.0035,60,4,FALSE,1.5
"IMPC_GRS_011_001","TCP","Grip Strength","IMPC_GRS",2205,6,2,0.0027,9e-04,25,-4,TRUE,0.33
"IMPC_HEM_007_001","BCM","Hematology","IMPC_HEM",407,31,27,0.0762,0.0663,46.55,-4,TRUE,0.87
"IMPC_HEM_008_001","TCP","Hematology","IMPC_HEM",1750,5,1,0.0029,6e-04,16.67,-4,TRUE,0.2
"IMPC_HEM_008_001","WTSI","Hematology","IMPC_HEM",4965,6,2,0.0012,4e-04,25,-4,TRUE,0.33
"IMPC_HEM_019_001","MRC Harwell","Hematology","IMPC_HEM",2565,11,7,0.0043,0.0027,38.89,-4,TRUE,0.64
"IMPC_HEM_027_001","MARC","Hematology","IMPC_HEM",745,1,5,0.0013,0.0067,83.33,4,FALSE,5
"IMPC_HEM_029_001","CCP-IMG","Hematology","IMPC_HEM",555,4,0,0.0072,0,0,-4,TRUE,0
"IMPC_HEM_031_001","ICS","Hematology","IMPC_HEM",820,5,9,0.0061,0.011,64.29,4,FALSE,1.8
"IMPC_HEM_033_001","TCP","Hematology","IMPC_HEM",1750,10,14,0.0057,0.008,58.33,4,FALSE,1.4
"IMPC_HEM_037_001","RBRC","Hematology","IMPC_HEM",405,4,0,0.0099,0,0,-4,TRUE,0
"IMPC_HWT_002_001","BCM","Heart Weight","IMPC_HWT",648,4,0,0.0062,0,0,-4,TRUE,0
"IMPC_IMM_032_002","CCP-IMG","Immunophenotyping","IMPC_IMM",275,25,21,0.0909,0.0764,45.65,-4,TRUE,0.84
"IMPC_IPG_010_001","TCP","Intraperitoneal glucose tolerance test (IPGTT)","IMPC_IPG",2175,3,7,0.0014,0.0032,70,4,FALSE,2.33
"IMPC_IPG_010_001","UC Davis","Intraperitoneal glucose tolerance test (IPGTT)","IMPC_IPG",5365,15,11,0.0028,0.0021,42.31,-4,TRUE,0.73
"IMPC_LDT_006_001","BCM","Light-Dark Test","IMPC_LDT",364,2,6,0.0055,0.0165,75,4,FALSE,3
"IMPC_LDT_007_001","TCP","Light-Dark Test","IMPC_LDT",690,7,3,0.0101,0.0043,30,-4,TRUE,0.43
"IMPC_OFD_012_001","RBRC","Open Field","IMPC_OFD",415,4,0,0.0096,0,0,-4,TRUE,0
"IMPC_OFD_014_001","TCP","Open Field","IMPC_OFD",2075,6,2,0.0029,0.001,25,-4,TRUE,0.33
"IMPC_OFD_016_001","HMGU","Open Field","IMPC_OFD",1605,4,0,0.0025,0,0,-4,TRUE,0
"IMPC_OFD_016_001","RBRC","Open Field","IMPC_OFD",415,4,0,0.0096,0,0,-4,TRUE,0
"IMPC_OFD_018_001","ICS","Open Field","IMPC_OFD",1020,2,6,0.002,0.0059,75,4,FALSE,3
"IMPC_OFD_020_001","HMGU","Open Field","IMPC_OFD",1610,4,0,0.0025,0,0,-4,TRUE,0
"IMPC_OFD_020_001","UC Davis","Open Field","IMPC_OFD",1532,4,0,0.0026,0,0,-4,TRUE,0
"IMPC_OFD_022_001","RBRC","Open Field","IMPC_OFD",415,4,0,0.0096,0,0,-4,TRUE,0
"IMPC_ACS_006_001","HMGU","Acoustic Startle and Pre-pulse Inhibition (PPI)","IMPC_ACS",1675,3,0,0.0018,0,0,-3,TRUE,0
"IMPC_ACS_034_001","ICS","Acoustic Startle and Pre-pulse Inhibition (PPI)","IMPC_ACS",1025,0,3,0,0.0029,100,3,FALSE,Inf
"IMPC_ACS_035_001","BCM","Acoustic Startle and Pre-pulse Inhibition (PPI)","IMPC_ACS",2775,12,9,0.0043,0.0032,42.86,-3,TRUE,0.75
"IMPC_CAL_017_001","ICS","Indirect Calorimetry","IMPC_CAL",535,1,4,0.0019,0.0075,80,3,FALSE,4
"IMPC_CBC_001_001","JAX","Clinical Chemistry","IMPC_CBC",1555,3,6,0.0019,0.0039,66.67,3,FALSE,2
"IMPC_CBC_003_001","JAX","Clinical Chemistry","IMPC_CBC",1555,3,0,0.0019,0,0,-3,TRUE,0
"IMPC_CBC_004_001","UC Davis","Clinical Chemistry","IMPC_CBC",2805,3,0,0.0011,0,0,-3,TRUE,0
"IMPC_CBC_006_001","UC Davis","Clinical Chemistry","IMPC_CBC",2720,9,12,0.0033,0.0044,57.14,3,FALSE,1.33
"IMPC_CBC_007_001","UC Davis","Clinical Chemistry","IMPC_CBC",2805,9,6,0.0032,0.0021,40,-3,TRUE,0.67
"IMPC_CBC_008_001","TCP","Clinical Chemistry","IMPC_CBC",2000,4,1,0.002,5e-04,20,-3,TRUE,0.25
"IMPC_CBC_009_001","MARC","Clinical Chemistry","IMPC_CBC",555,4,1,0.0072,0.0018,20,-3,TRUE,0.25
"IMPC_CBC_009_001","TCP","Clinical Chemistry","IMPC_CBC",2000,4,1,0.002,5e-04,20,-3,TRUE,0.25
"IMPC_CBC_010_001","ICS","Clinical Chemistry","IMPC_CBC",1005,2,5,0.002,0.005,71.43,3,FALSE,2.5
"IMPC_CBC_013_001","KMPC","Clinical Chemistry","IMPC_CBC",200,0,3,0,0.015,100,3,FALSE,Inf
"IMPC_CBC_014_001","TCP","Clinical Chemistry","IMPC_CBC",2000,7,4,0.0035,0.002,36.36,-3,TRUE,0.57
"IMPC_CBC_016_001","JAX","Clinical Chemistry","IMPC_CBC",1625,5,2,0.0031,0.0012,28.57,-3,TRUE,0.4
"IMPC_CBC_018_001","HMGU","Clinical Chemistry","IMPC_CBC",1620,4,1,0.0025,6e-04,20,-3,TRUE,0.25
"IMPC_CBC_018_001","WTSI","Clinical Chemistry","IMPC_CBC",5060,5,2,0.001,4e-04,28.57,-3,TRUE,0.4
"IMPC_CBC_026_001","JAX","Clinical Chemistry","IMPC_CBC",1390,1,4,7e-04,0.0029,80,3,FALSE,4
"IMPC_CSD_032_001","HMGU","Combined SHIRPA and Dysmorphology","IMPC_CSD",1600,4,1,0.0025,6e-04,20,-3,TRUE,0.25
"IMPC_DXA_005_001","MRC Harwell","Body Composition (DEXA lean/fat)","IMPC_DXA",2765,9,6,0.0033,0.0022,40,-3,TRUE,0.67
"IMPC_DXA_006_001","ICS","Body Composition (DEXA lean/fat)","IMPC_DXA",845,11,8,0.013,0.0095,42.11,-3,TRUE,0.73
"IMPC_DXA_008_001","ICS","Body Composition (DEXA lean/fat)","IMPC_DXA",875,1,4,0.0011,0.0046,80,3,FALSE,4
"IMPC_ECG_002_001","MRC Harwell","Electrocardiogram (ECG)","IMPC_ECG",1695,15,12,0.0088,0.0071,44.44,-3,TRUE,0.8
"IMPC_ECG_003_001","CCP-IMG","Electrocardiogram (ECG)","IMPC_ECG",615,3,0,0.0049,0,0,-3,TRUE,0
"IMPC_ECG_006_001","TCP","Electrocardiogram (ECG)","IMPC_ECG",1805,4,1,0.0022,6e-04,20,-3,TRUE,0.25
"IMPC_ECG_007_001","HMGU","Electrocardiogram (ECG)","IMPC_ECG",1735,4,1,0.0023,6e-04,20,-3,TRUE,0.25
"IMPC_ECG_014_001","CCP-IMG","Electrocardiogram (ECG)","IMPC_ECG",614,8,5,0.013,0.0081,38.46,-3,TRUE,0.62
"IMPC_ECH_002_001","BCM","Echo","IMPC_ECH",2545,3,0,0.0012,0,0,-3,TRUE,0
"IMPC_ECH_012_001","BCM","Echo","IMPC_ECH",2545,4,1,0.0016,4e-04,20,-3,TRUE,0.25
"IMPC_ECH_013_001","ICS","Echo","IMPC_ECH",820,0,3,0,0.0037,100,3,FALSE,Inf
"IMPC_EYE_061_001","ICS","Eye Morphology","IMPC_EYE",760,4,1,0.0053,0.0013,20,-3,TRUE,0.25
"IMPC_EYE_062_001","HMGU","Eye Morphology","IMPC_EYE",1165,1,4,9e-04,0.0034,80,3,FALSE,4
"IMPC_EYE_070_001","ICS","Eye Morphology","IMPC_EYE",835,0,3,0,0.0036,100,3,FALSE,Inf
"IMPC_GRS_009_001","MRC Harwell","Grip Strength","IMPC_GRS",3465,3,6,9e-04,0.0017,66.67,3,FALSE,2
"IMPC_GRS_010_001","ICS","Grip Strength","IMPC_GRS",1015,5,2,0.0049,0.002,28.57,-3,TRUE,0.4
"IMPC_GRS_011_001","WTSI","Grip Strength","IMPC_GRS",3660,8,5,0.0022,0.0014,38.46,-3,TRUE,0.62
"IMPC_HEM_001_001","MRC Harwell","Hematology","IMPC_HEM",2565,3,6,0.0012,0.0023,66.67,3,FALSE,2
"IMPC_HEM_003_001","JAX","Hematology","IMPC_HEM",1180,3,0,0.0025,0,0,-3,TRUE,0
"IMPC_HEM_003_001","TCP","Hematology","IMPC_HEM",1750,4,1,0.0023,6e-04,20,-3,TRUE,0.25
"IMPC_HEM_004_001","KMPC","Hematology","IMPC_HEM",225,0,3,0,0.0133,100,3,FALSE,Inf
"IMPC_HEM_005_001","HMGU","Hematology","IMPC_HEM",1585,5,2,0.0032,0.0013,28.57,-3,TRUE,0.4
"IMPC_HEM_005_001","MARC","Hematology","IMPC_HEM",745,2,5,0.0027,0.0067,71.43,3,FALSE,2.5
"IMPC_HEM_005_001","MRC Harwell","Hematology","IMPC_HEM",2575,9,12,0.0035,0.0047,57.14,3,FALSE,1.33
"IMPC_HEM_006_001","BCM","Hematology","IMPC_HEM",407,4,1,0.0098,0.0025,20,-3,TRUE,0.25
"IMPC_HEM_006_001","RBRC","Hematology","IMPC_HEM",405,5,2,0.0123,0.0049,28.57,-3,TRUE,0.4
"IMPC_HEM_008_001","CCP-IMG","Hematology","IMPC_HEM",550,3,0,0.0055,0,0,-3,TRUE,0
"IMPC_HEM_019_001","HMGU","Hematology","IMPC_HEM",1560,4,1,0.0026,6e-04,20,-3,TRUE,0.25
"IMPC_HEM_030_001","ICS","Hematology","IMPC_HEM",820,3,0,0.0037,0,0,-3,TRUE,0
"IMPC_HEM_030_001","MARC","Hematology","IMPC_HEM",725,2,5,0.0028,0.0069,71.43,3,FALSE,2.5
"IMPC_HEM_030_001","MRC Harwell","Hematology","IMPC_HEM",2570,3,0,0.0012,0,0,-3,TRUE,0
"IMPC_HEM_031_001","CCP-IMG","Hematology","IMPC_HEM",555,3,0,0.0054,0,0,-3,TRUE,0
"IMPC_HEM_034_001","TCP","Hematology","IMPC_HEM",1750,23,20,0.0131,0.0114,46.51,-3,TRUE,0.87
"IMPC_HEM_038_001","TCP","Hematology","IMPC_HEM",1740,29,26,0.0167,0.0149,47.27,-3,TRUE,0.9
"IMPC_HWT_002_001","HMGU","Heart Weight","IMPC_HWT",1345,18,15,0.0134,0.0112,45.45,-3,TRUE,0.83
"IMPC_HWT_002_001","ICS","Heart Weight","IMPC_HWT",760,10,7,0.0132,0.0092,41.18,-3,TRUE,0.7
"IMPC_HWT_008_001","ICS","Heart Weight","IMPC_HWT",940,4,1,0.0043,0.0011,20,-3,TRUE,0.25
"IMPC_IMM_034_001","KMPC","Immunophenotyping","IMPC_IMM",30,3,0,0.1,0,0,-3,TRUE,0
"IMPC_IMM_041_001","CCP-IMG","Immunophenotyping","IMPC_IMM",25,0,3,0,0.12,100,3,FALSE,Inf
"IMPC_IPG_010_001","JAX","Intraperitoneal glucose tolerance test (IPGTT)","IMPC_IPG",5360,11,8,0.0021,0.0015,42.11,-3,TRUE,0.73
"IMPC_IPG_010_001","MARC","Intraperitoneal glucose tolerance test (IPGTT)","IMPC_IPG",905,3,0,0.0033,0,0,-3,TRUE,0
"IMPC_IPG_011_001","HMGU","Intraperitoneal glucose tolerance test (IPGTT)","IMPC_IPG",1634,4,1,0.0024,6e-04,20,-3,TRUE,0.25
"IMPC_IPG_012_001","CCP-IMG","Intraperitoneal glucose tolerance test (IPGTT)","IMPC_IPG",420,7,4,0.0167,0.0095,36.36,-3,TRUE,0.57
"IMPC_OFD_007_001","MRC Harwell","Open Field","IMPC_OFD",3155,3,0,0.001,0,0,-3,TRUE,0
"IMPC_OFD_009_001","MRC Harwell","Open Field","IMPC_OFD",3155,6,3,0.0019,0.001,33.33,-3,TRUE,0.5
"IMPC_OFD_013_001","HMGU","Open Field","IMPC_OFD",1610,3,0,0.0019,0,0,-3,TRUE,0
"IMPC_OFD_017_001","TCP","Open Field","IMPC_OFD",2074,3,0,0.0014,0,0,-3,TRUE,0
"IMPC_OFD_018_001","TCP","Open Field","IMPC_OFD",2075,1,4,5e-04,0.0019,80,3,FALSE,4
"IMPC_OFD_019_001","MARC","Open Field","IMPC_OFD",850,6,3,0.0071,0.0035,33.33,-3,TRUE,0.5
"IMPC_OFD_020_001","MRC Harwell","Open Field","IMPC_OFD",3155,3,0,0.001,0,0,-3,TRUE,0
"IMPC_OFD_021_001","TCP","Open Field","IMPC_OFD",2075,3,0,0.0014,0,0,-3,TRUE,0
"IMPC_OFD_022_001","HMGU","Open Field","IMPC_OFD",1605,4,1,0.0025,6e-04,20,-3,TRUE,0.25
"IMPC_OFD_050_001","CCP-IMG","Open Field","IMPC_OFD",490,2,5,0.0041,0.0102,71.43,3,FALSE,2.5
"IMPC_ACS_033_001","MARC","Acoustic Startle and Pre-pulse Inhibition (PPI)","IMPC_ACS",950,0,2,0,0.0021,100,2,FALSE,Inf
"IMPC_ACS_035_001","CCP-IMG","Acoustic Startle and Pre-pulse Inhibition (PPI)","IMPC_ACS",580,3,1,0.0052,0.0017,25,-2,TRUE,0.33
"IMPC_ACS_035_001","KMPC","Acoustic Startle and Pre-pulse Inhibition (PPI)","IMPC_ACS",230,2,0,0.0087,0,0,-2,TRUE,0
"IMPC_ACS_037_001","MRC Harwell","Acoustic Startle and Pre-pulse Inhibition (PPI)","IMPC_ACS",1360,2,0,0.0015,0,0,-2,TRUE,0
"IMPC_CAL_017_001","HMGU","Indirect Calorimetry","IMPC_CAL",1540,3,1,0.0019,6e-04,25,-2,TRUE,0.33
"IMPC_CAL_017_001","KMPC","Indirect Calorimetry","IMPC_CAL",190,4,2,0.0211,0.0105,33.33,-2,TRUE,0.5
"IMPC_CBC_003_001","TCP","Clinical Chemistry","IMPC_CBC",2000,6,4,0.003,0.002,40,-2,TRUE,0.67
"IMPC_CBC_004_001","CCP-IMG","Clinical Chemistry","IMPC_CBC",580,5,3,0.0086,0.0052,37.5,-2,TRUE,0.6
"IMPC_CBC_004_001","TCP","Clinical Chemistry","IMPC_CBC",2000,8,6,0.004,0.003,42.86,-2,TRUE,0.75
"IMPC_CBC_006_001","HMGU","Clinical Chemistry","IMPC_CBC",1590,3,1,0.0019,6e-04,25,-2,TRUE,0.33
"IMPC_CBC_006_001","JAX","Clinical Chemistry","IMPC_CBC",1610,5,7,0.0031,0.0043,58.33,2,FALSE,1.4
"IMPC_CBC_009_001","MRC Harwell","Clinical Chemistry","IMPC_CBC",2815,11,13,0.0039,0.0046,54.17,2,FALSE,1.18
"IMPC_CBC_010_001","TCP","Clinical Chemistry","IMPC_CBC",2000,3,1,0.0015,5e-04,25,-2,TRUE,0.33
"IMPC_CBC_010_001","UC Davis","Clinical Chemistry","IMPC_CBC",2725,8,6,0.0029,0.0022,42.86,-2,TRUE,0.75
"IMPC_CBC_011_001","JAX","Clinical Chemistry","IMPC_CBC",1540,11,9,0.0071,0.0058,45,-2,TRUE,0.82
"IMPC_CBC_011_001","RBRC","Clinical Chemistry","IMPC_CBC",370,2,0,0.0054,0,0,-2,TRUE,0
"IMPC_CBC_012_001","RBRC","Clinical Chemistry","IMPC_CBC",395,3,1,0.0076,0.0025,25,-2,TRUE,0.33
"IMPC_CBC_014_001","HMGU","Clinical Chemistry","IMPC_CBC",1620,15,13,0.0093,0.008,46.43,-2,TRUE,0.87
"IMPC_CBC_014_001","RBRC","Clinical Chemistry","IMPC_CBC",395,3,1,0.0076,0.0025,25,-2,TRUE,0.33
"IMPC_CBC_017_001","HMGU","Clinical Chemistry","IMPC_CBC",1620,2,0,0.0012,0,0,-2,TRUE,0
"IMPC_CBC_017_001","WTSI","Clinical Chemistry","IMPC_CBC",5065,9,7,0.0018,0.0014,43.75,-2,TRUE,0.78
"IMPC_CBC_018_001","CCP-IMG","Clinical Chemistry","IMPC_CBC",580,2,4,0.0034,0.0069,66.67,2,FALSE,2
"IMPC_CBC_022_001","CCP-IMG","Clinical Chemistry","IMPC_CBC",395,2,4,0.0051,0.0101,66.67,2,FALSE,2
"IMPC_CBC_028_001","RBRC","Clinical Chemistry","IMPC_CBC",395,3,1,0.0076,0.0025,25,-2,TRUE,0.33
"IMPC_CBC_058_001","CCP-IMG","Clinical Chemistry","IMPC_CBC",575,9,7,0.0157,0.0122,43.75,-2,TRUE,0.78
"IMPC_CBC_058_001","TCP","Clinical Chemistry","IMPC_CBC",2000,4,6,0.002,0.003,60,2,FALSE,1.5
"IMPC_DXA_003_001","BCM","Body Composition (DEXA lean/fat)","IMPC_DXA",2585,2,0,8e-04,0,0,-2,TRUE,0
"IMPC_ECG_003_001","MRC Harwell","Electrocardiogram (ECG)","IMPC_ECG",630,1,3,0.0016,0.0048,75,2,FALSE,3
"IMPC_ECG_003_001","RBRC","Electrocardiogram (ECG)","IMPC_ECG",230,2,0,0.0087,0,0,-2,TRUE,0
"IMPC_ECG_004_001","ICS","Electrocardiogram (ECG)","IMPC_ECG",820,0,2,0,0.0024,100,2,FALSE,Inf
"IMPC_ECG_005_001","HMGU","Electrocardiogram (ECG)","IMPC_ECG",1130,3,1,0.0027,9e-04,25,-2,TRUE,0.33
"IMPC_ECG_008_001","CCP-IMG","Electrocardiogram (ECG)","IMPC_ECG",615,2,0,0.0033,0,0,-2,TRUE,0
"IMPC_ECG_009_002","ICS","Electrocardiogram (ECG)","IMPC_ECG",215,1,3,0.0047,0.014,75,2,FALSE,3
"IMPC_ECG_009_002","JAX","Electrocardiogram (ECG)","IMPC_ECG",745,1,3,0.0013,0.004,75,2,FALSE,3
"IMPC_ECG_011_001","BCM","Electrocardiogram (ECG)","IMPC_ECG",2365,6,4,0.0025,0.0017,40,-2,TRUE,0.67
"IMPC_ECH_003_001","HMGU","Echo","IMPC_ECH",1760,3,5,0.0017,0.0028,62.5,2,FALSE,1.67
"IMPC_ECH_007_001","ICS","Echo","IMPC_ECH",820,0,2,0,0.0024,100,2,FALSE,Inf
"IMPC_ECH_008_001","HMGU","Echo","IMPC_ECH",1775,6,4,0.0034,0.0023,40,-2,TRUE,0.67
"IMPC_ECH_010_001","CCP-IMG","Echo","IMPC_ECH",615,2,0,0.0033,0,0,-2,TRUE,0
"IMPC_EYE_055_001","HMGU","Eye Morphology","IMPC_EYE",750,2,4,0.0027,0.0053,66.67,2,FALSE,2
"IMPC_EYE_057_001","HMGU","Eye Morphology","IMPC_EYE",750,3,1,0.004,0.0013,25,-2,TRUE,0.33
"IMPC_EYE_059_001","HMGU","Eye Morphology","IMPC_EYE",750,2,4,0.0027,0.0053,66.67,2,FALSE,2
"IMPC_EYE_060_001","ICS","Eye Morphology","IMPC_EYE",755,5,7,0.0066,0.0093,58.33,2,FALSE,1.4
"IMPC_EYE_064_001","ICS","Eye Morphology","IMPC_EYE",835,3,1,0.0036,0.0012,25,-2,TRUE,0.33
"IMPC_EYE_087_001","ICS","Eye Morphology","IMPC_EYE",815,8,6,0.0098,0.0074,42.86,-2,TRUE,0.75
"IMPC_FEA_015_001","TCP","Fear Conditioning","IMPC_FEA",935,0,2,0,0.0021,100,2,FALSE,Inf
"IMPC_FEA_106_001","UC Davis","Fear Conditioning","IMPC_FEA",1680,6,4,0.0036,0.0024,40,-2,TRUE,0.67
"IMPC_FEA_107_001","CCP-IMG","Fear Conditioning","IMPC_FEA",430,5,3,0.0116,0.007,37.5,-2,TRUE,0.6
"IMPC_GEL_062_001","JAX","Gross Morphology Embryo E9.5","IMPC_GEL",1015,0,2,0,0.002,100,2,FALSE,Inf
"IMPC_GRS_009_001","ICS","Grip Strength","IMPC_GRS",1020,6,8,0.0059,0.0078,57.14,2,FALSE,1.33
"IMPC_GRS_010_001","TCP","Grip Strength","IMPC_GRS",2205,4,2,0.0018,9e-04,33.33,-2,TRUE,0.5
"IMPC_HEM_001_001","ICS","Hematology","IMPC_HEM",935,2,0,0.0021,0,0,-2,TRUE,0
"IMPC_HEM_001_001","TCP","Hematology","IMPC_HEM",1750,7,9,0.004,0.0051,56.25,2,FALSE,1.29
"IMPC_HEM_002_001","BCM","Hematology","IMPC_HEM",398,1,3,0.0025,0.0075,75,2,FALSE,3
"IMPC_HEM_002_001","MARC","Hematology","IMPC_HEM",745,0,2,0,0.0027,100,2,FALSE,Inf
"IMPC_HEM_004_001","MARC","Hematology","IMPC_HEM",745,3,1,0.004,0.0013,25,-2,TRUE,0.33
"IMPC_HEM_004_001","MRC Harwell","Hematology","IMPC_HEM",2570,3,5,0.0012,0.0019,62.5,2,FALSE,1.67
"IMPC_HEM_006_001","KMPC","Hematology","IMPC_HEM",230,1,3,0.0043,0.013,75,2,FALSE,3
"IMPC_HEM_007_001","HMGU","Hematology","IMPC_HEM",1585,7,9,0.0044,0.0057,56.25,2,FALSE,1.29
"IMPC_HEM_008_001","KMPC","Hematology","IMPC_HEM",210,2,0,0.0095,0,0,-2,TRUE,0
"IMPC_HEM_027_001","CCP-IMG","Hematology","IMPC_HEM",555,2,0,0.0036,0,0,-2,TRUE,0
"IMPC_HEM_029_001","ICS","Hematology","IMPC_HEM",820,13,11,0.0159,0.0134,45.83,-2,TRUE,0.85
"IMPC_HEM_029_001","MARC","Hematology","IMPC_HEM",725,1,3,0.0014,0.0041,75,2,FALSE,3
"IMPC_HEM_032_001","ICS","Hematology","IMPC_HEM",820,0,2,0,0.0024,100,2,FALSE,Inf
"IMPC_HEM_035_001","CCP-IMG","Hematology","IMPC_HEM",555,2,4,0.0036,0.0072,66.67,2,FALSE,2
"IMPC_HEM_036_001","MRC Harwell","Hematology","IMPC_HEM",2570,4,6,0.0016,0.0023,60,2,FALSE,1.5
"IMPC_HEM_038_001","MRC Harwell","Hematology","IMPC_HEM",2570,14,16,0.0054,0.0062,53.33,2,FALSE,1.14
"IMPC_HEM_040_001","MRC Harwell","Hematology","IMPC_HEM",2570,5,3,0.0019,0.0012,37.5,-2,TRUE,0.6
"IMPC_HWT_008_001","CCP-IMG","Heart Weight","IMPC_HWT",575,0,2,0,0.0035,100,2,FALSE,Inf
"IMPC_HWT_008_001","HMGU","Heart Weight","IMPC_HWT",1360,2,4,0.0015,0.0029,66.67,2,FALSE,2
"IMPC_HWT_008_001","TCP","Heart Weight","IMPC_HWT",2185,3,1,0.0014,5e-04,25,-2,TRUE,0.33
"IMPC_IMM_003_002","CCP-IMG","Immunophenotyping","IMPC_IMM",275,3,1,0.0109,0.0036,25,-2,TRUE,0.33
"IMPC_IMM_005_002","CCP-IMG","Immunophenotyping","IMPC_IMM",275,2,0,0.0073,0,0,-2,TRUE,0
"IMPC_IMM_008_002","CCP-IMG","Immunophenotyping","IMPC_IMM",275,2,0,0.0073,0,0,-2,TRUE,0
"IMPC_IMM_016_001","CCP-IMG","Immunophenotyping","IMPC_IMM",25,2,0,0.08,0,0,-2,TRUE,0
"IMPC_IMM_024_001","HMGU","Immunophenotyping","IMPC_IMM",30,0,2,0,0.0667,100,2,FALSE,Inf
"IMPC_IMM_046_001","KMPC","Immunophenotyping","IMPC_IMM",30,3,1,0.1,0.0333,25,-2,TRUE,0.33
"IMPC_INS_001_001","JAX","Insulin Blood Level","IMPC_INS",1470,13,11,0.0088,0.0075,45.83,-2,TRUE,0.85
"IMPC_IPG_010_001","CCP-IMG","Intraperitoneal glucose tolerance test (IPGTT)","IMPC_IPG",580,2,0,0.0034,0,0,-2,TRUE,0
"IMPC_IPG_011_001","MARC","Intraperitoneal glucose tolerance test (IPGTT)","IMPC_IPG",905,4,2,0.0044,0.0022,33.33,-2,TRUE,0.5
"IMPC_IPG_011_001","UC Davis","Intraperitoneal glucose tolerance test (IPGTT)","IMPC_IPG",5365,5,3,9e-04,6e-04,37.5,-2,TRUE,0.6
"IMPC_IPG_012_001","BCM","Intraperitoneal glucose tolerance test (IPGTT)","IMPC_IPG",2235,4,2,0.0018,9e-04,33.33,-2,TRUE,0.5
"IMPC_OFD_007_001","TCP","Open Field","IMPC_OFD",2075,2,0,0.001,0,0,-2,TRUE,0
"IMPC_OFD_009_001","HMGU","Open Field","IMPC_OFD",1610,3,1,0.0019,6e-04,25,-2,TRUE,0.33
"IMPC_OFD_009_001","MARC","Open Field","IMPC_OFD",855,4,2,0.0047,0.0023,33.33,-2,TRUE,0.5
"IMPC_OFD_010_001","TCP","Open Field","IMPC_OFD",2075,2,0,0.001,0,0,-2,TRUE,0
"IMPC_OFD_011_001","CCP-IMG","Open Field","IMPC_OFD",490,2,0,0.0041,0,0,-2,TRUE,0
"IMPC_OFD_013_001","ICS","Open Field","IMPC_OFD",1020,2,4,0.002,0.0039,66.67,2,FALSE,2
"IMPC_OFD_013_001","MRC Harwell","Open Field","IMPC_OFD",3155,6,4,0.0019,0.0013,40,-2,TRUE,0.67
"IMPC_OFD_013_001","RBRC","Open Field","IMPC_OFD",415,0,2,0,0.0048,100,2,FALSE,Inf
"IMPC_OFD_014_001","HMGU","Open Field","IMPC_OFD",1605,2,4,0.0012,0.0025,66.67,2,FALSE,2
"IMPC_OFD_014_001","MARC","Open Field","IMPC_OFD",855,1,3,0.0012,0.0035,75,2,FALSE,3
"IMPC_OFD_015_001","HMGU","Open Field","IMPC_OFD",1605,3,1,0.0019,6e-04,25,-2,TRUE,0.33
"IMPC_OFD_016_001","CCP-IMG","Open Field","IMPC_OFD",490,2,0,0.0041,0,0,-2,TRUE,0
"IMPC_OFD_016_001","TCP","Open Field","IMPC_OFD",2075,2,0,0.001,0,0,-2,TRUE,0
"IMPC_OFD_018_001","RBRC","Open Field","IMPC_OFD",415,2,0,0.0048,0,0,-2,TRUE,0
"IMPC_OFD_019_001","CCP-IMG","Open Field","IMPC_OFD",490,5,3,0.0102,0.0061,37.5,-2,TRUE,0.6
"IMPC_OFD_019_001","ICS","Open Field","IMPC_OFD",1020,0,2,0,0.002,100,2,FALSE,Inf
"IMPC_OFD_020_001","BCM","Open Field","IMPC_OFD",780,2,0,0.0026,0,0,-2,TRUE,0
"IMPC_OFD_020_001","CCP-IMG","Open Field","IMPC_OFD",490,3,1,0.0061,0.002,25,-2,TRUE,0.33
"IMPC_OFD_020_001","ICS","Open Field","IMPC_OFD",1020,0,2,0,0.002,100,2,FALSE,Inf
"IMPC_OFD_021_001","ICS","Open Field","IMPC_OFD",1020,2,0,0.002,0,0,-2,TRUE,0
"IMPC_OFD_022_001","MARC","Open Field","IMPC_OFD",855,4,2,0.0047,0.0023,33.33,-2,TRUE,0.5
"IMPC_OWT_003_001","CCP-IMG","Organ Weight","IMPC_OWT",550,2,0,0.0036,0,0,-2,TRUE,0
"IMPC_ACS_033_001","CCP-IMG","Acoustic Startle and Pre-pulse Inhibition (PPI)","IMPC_ACS",580,2,1,0.0034,0.0017,33.33,-1,TRUE,0.5
"IMPC_ACS_033_001","ICS","Acoustic Startle and Pre-pulse Inhibition (PPI)","IMPC_ACS",1025,1,0,0.001,0,0,-1,TRUE,0
"IMPC_ACS_033_001","RBRC","Acoustic Startle and Pre-pulse Inhibition (PPI)","IMPC_ACS",380,1,0,0.0026,0,0,-1,TRUE,0
"IMPC_ACS_034_001","CCP-IMG","Acoustic Startle and Pre-pulse Inhibition (PPI)","IMPC_ACS",580,0,1,0,0.0017,100,1,FALSE,Inf
"IMPC_ACS_034_001","HMGU","Acoustic Startle and Pre-pulse Inhibition (PPI)","IMPC_ACS",1675,3,2,0.0018,0.0012,40,-1,TRUE,0.67
"IMPC_ACS_034_001","MARC","Acoustic Startle and Pre-pulse Inhibition (PPI)","IMPC_ACS",950,1,2,0.0011,0.0021,66.67,1,FALSE,2
"IMPC_ACS_035_001","HMGU","Acoustic Startle and Pre-pulse Inhibition (PPI)","IMPC_ACS",1675,4,3,0.0024,0.0018,42.86,-1,TRUE,0.75
"IMPC_ACS_035_001","ICS","Acoustic Startle and Pre-pulse Inhibition (PPI)","IMPC_ACS",1025,2,1,0.002,0.001,33.33,-1,TRUE,0.5
"IMPC_ACS_036_001","CCP-IMG","Acoustic Startle and Pre-pulse Inhibition (PPI)","IMPC_ACS",580,8,7,0.0138,0.0121,46.67,-1,TRUE,0.88
"IMPC_ACS_036_001","ICS","Acoustic Startle and Pre-pulse Inhibition (PPI)","IMPC_ACS",1025,3,2,0.0029,0.002,40,-1,TRUE,0.67
"IMPC_ACS_036_001","MRC Harwell","Acoustic Startle and Pre-pulse Inhibition (PPI)","IMPC_ACS",1360,3,4,0.0022,0.0029,57.14,1,FALSE,1.33
"IMPC_ACS_036_001","TCP","Acoustic Startle and Pre-pulse Inhibition (PPI)","IMPC_ACS",2110,1,0,5e-04,0,0,-1,TRUE,0
"IMPC_ACS_037_001","ICS","Acoustic Startle and Pre-pulse Inhibition (PPI)","IMPC_ACS",1025,2,1,0.002,0.001,33.33,-1,TRUE,0.5
"IMPC_ACS_037_001","RBRC","Acoustic Startle and Pre-pulse Inhibition (PPI)","IMPC_ACS",380,1,0,0.0026,0,0,-1,TRUE,0
"IMPC_ACS_037_001","TCP","Acoustic Startle and Pre-pulse Inhibition (PPI)","IMPC_ACS",2110,4,3,0.0019,0.0014,42.86,-1,TRUE,0.75
"IMPC_CAL_008_001","ICS","Indirect Calorimetry","IMPC_CAL",590,1,2,0.0017,0.0034,66.67,1,FALSE,2
"IMPC_CAL_008_001","RBRC","Indirect Calorimetry","IMPC_CAL",135,1,0,0.0074,0,0,-1,TRUE,0
"IMPC_CAL_017_001","MARC","Indirect Calorimetry","IMPC_CAL",135,0,1,0,0.0074,100,1,FALSE,Inf
"IMPC_CAL_017_001","MRC Harwell","Indirect Calorimetry","IMPC_CAL",30,1,0,0.0333,0,0,-1,TRUE,0
"IMPC_CAL_021_001","ICS","Indirect Calorimetry","IMPC_CAL",575,0,1,0,0.0017,100,1,FALSE,Inf
"IMPC_CBC_001_001","TCP","Clinical Chemistry","IMPC_CBC",2000,11,12,0.0055,0.006,52.17,1,FALSE,1.09
"IMPC_CBC_002_001","BCM","Clinical Chemistry","IMPC_CBC",393,19,18,0.0483,0.0458,48.65,-1,TRUE,0.95
"IMPC_CBC_002_001","CCP-IMG","Clinical Chemistry","IMPC_CBC",580,0,1,0,0.0017,100,1,FALSE,Inf
"IMPC_CBC_002_001","JAX","Clinical Chemistry","IMPC_CBC",1555,12,11,0.0077,0.0071,47.83,-1,TRUE,0.92
"IMPC_CBC_002_001","TCP","Clinical Chemistry","IMPC_CBC",2000,6,5,0.003,0.0025,45.45,-1,TRUE,0.83
"IMPC_CBC_003_001","BCM","Clinical Chemistry","IMPC_CBC",381,5,4,0.0131,0.0105,44.44,-1,TRUE,0.8
"IMPC_CBC_004_001","ICS","Clinical Chemistry","IMPC_CBC",1005,4,3,0.004,0.003,42.86,-1,TRUE,0.75
"IMPC_CBC_005_001","HMGU","Clinical Chemistry","IMPC_CBC",1590,11,12,0.0069,0.0075,52.17,1,FALSE,1.09
"IMPC_CBC_005_001","RBRC","Clinical Chemistry","IMPC_CBC",395,1,0,0.0025,0,0,-1,TRUE,0
"IMPC_CBC_006_001","MRC Harwell","Clinical Chemistry","IMPC_CBC",2795,6,7,0.0021,0.0025,53.85,1,FALSE,1.17
"IMPC_CBC_006_001","RBRC","Clinical Chemistry","IMPC_CBC",395,1,2,0.0025,0.0051,66.67,1,FALSE,2
"IMPC_CBC_007_001","HMGU","Clinical Chemistry","IMPC_CBC",1600,5,4,0.0031,0.0025,44.44,-1,TRUE,0.8
"IMPC_CBC_007_001","JAX","Clinical Chemistry","IMPC_CBC",1655,2,1,0.0012,6e-04,33.33,-1,TRUE,0.5
"IMPC_CBC_007_001","KMPC","Clinical Chemistry","IMPC_CBC",200,0,1,0,0.005,100,1,FALSE,Inf
"IMPC_CBC_007_001","MARC","Clinical Chemistry","IMPC_CBC",555,1,0,0.0018,0,0,-1,TRUE,0
"IMPC_CBC_007_001","MRC Harwell","Clinical Chemistry","IMPC_CBC",2775,2,3,7e-04,0.0011,60,1,FALSE,1.5
"IMPC_CBC_008_001","CCP-IMG","Clinical Chemistry","IMPC_CBC",580,2,1,0.0034,0.0017,33.33,-1,TRUE,0.5
"IMPC_CBC_008_001","HMGU","Clinical Chemistry","IMPC_CBC",1570,4,3,0.0025,0.0019,42.86,-1,TRUE,0.75
"IMPC_CBC_008_001","MARC","Clinical Chemistry","IMPC_CBC",555,2,1,0.0036,0.0018,33.33,-1,TRUE,0.5
"IMPC_CBC_009_001","RBRC","Clinical Chemistry","IMPC_CBC",395,1,2,0.0025,0.0051,66.67,1,FALSE,2
"IMPC_CBC_010_001","CCP-IMG","Clinical Chemistry","IMPC_CBC",580,6,5,0.0103,0.0086,45.45,-1,TRUE,0.83
"IMPC_CBC_010_001","KMPC","Clinical Chemistry","IMPC_CBC",190,6,7,0.0316,0.0368,53.85,1,FALSE,1.17
"IMPC_CBC_010_001","MRC Harwell","Clinical Chemistry","IMPC_CBC",2815,3,4,0.0011,0.0014,57.14,1,FALSE,1.33
"IMPC_CBC_013_001","RBRC","Clinical Chemistry","IMPC_CBC",395,2,1,0.0051,0.0025,33.33,-1,TRUE,0.5
"IMPC_CBC_014_001","BCM","Clinical Chemistry","IMPC_CBC",459,26,25,0.0566,0.0545,49.02,-1,TRUE,0.96
"IMPC_CBC_014_001","CCP-IMG","Clinical Chemistry","IMPC_CBC",580,8,7,0.0138,0.0121,46.67,-1,TRUE,0.88
"IMPC_CBC_015_001","CCP-IMG","Clinical Chemistry","IMPC_CBC",580,1,0,0.0017,0,0,-1,TRUE,0
"IMPC_CBC_016_001","ICS","Clinical Chemistry","IMPC_CBC",1010,0,1,0,0.001,100,1,FALSE,Inf
"IMPC_CBC_016_001","MRC Harwell","Clinical Chemistry","IMPC_CBC",2660,3,2,0.0011,8e-04,40,-1,TRUE,0.67
"IMPC_CBC_016_001","WTSI","Clinical Chemistry","IMPC_CBC",5065,6,5,0.0012,0.001,45.45,-1,TRUE,0.83
"IMPC_CBC_017_001","BCM","Clinical Chemistry","IMPC_CBC",485,1,0,0.0021,0,0,-1,TRUE,0
"IMPC_CBC_017_001","ICS","Clinical Chemistry","IMPC_CBC",1010,2,1,0.002,0.001,33.33,-1,TRUE,0.5
"IMPC_CBC_017_001","MARC","Clinical Chemistry","IMPC_CBC",555,2,1,0.0036,0.0018,33.33,-1,TRUE,0.5
"IMPC_CBC_017_001","MRC Harwell","Clinical Chemistry","IMPC_CBC",2740,1,2,4e-04,7e-04,66.67,1,FALSE,2
"IMPC_CBC_017_001","TCP","Clinical Chemistry","IMPC_CBC",2000,2,1,0.001,5e-04,33.33,-1,TRUE,0.5
"IMPC_CBC_018_001","ICS","Clinical Chemistry","IMPC_CBC",1010,10,11,0.0099,0.0109,52.38,1,FALSE,1.1
"IMPC_CBC_018_001","KMPC","Clinical Chemistry","IMPC_CBC",200,0,1,0,0.005,100,1,FALSE,Inf
"IMPC_CBC_018_001","MARC","Clinical Chemistry","IMPC_CBC",555,0,1,0,0.0018,100,1,FALSE,Inf
"IMPC_CBC_020_001","MRC Harwell","Clinical Chemistry","IMPC_CBC",2575,4,5,0.0016,0.0019,55.56,1,FALSE,1.25
"IMPC_CBC_022_001","KMPC","Clinical Chemistry","IMPC_CBC",165,1,0,0.0061,0,0,-1,TRUE,0
"IMPC_CBC_028_001","CCP-IMG","Clinical Chemistry","IMPC_CBC",195,2,3,0.0103,0.0154,60,1,FALSE,1.5
"IMPC_CBC_028_001","KMPC","Clinical Chemistry","IMPC_CBC",125,5,4,0.04,0.032,44.44,-1,TRUE,0.8
"IMPC_CBC_058_001","BCM","Clinical Chemistry","IMPC_CBC",60,1,0,0.0167,0,0,-1,TRUE,0
"IMPC_CSD_032_001","BCM","Combined SHIRPA and Dysmorphology","IMPC_CSD",1280,2,1,0.0016,8e-04,33.33,-1,TRUE,0.5
"IMPC_CSD_032_001","MARC","Combined SHIRPA and Dysmorphology","IMPC_CSD",980,1,0,0.001,0,0,-1,TRUE,0
"IMPC_CSD_032_001","MRC Harwell","Combined SHIRPA and Dysmorphology","IMPC_CSD",3535,2,3,6e-04,8e-04,60,1,FALSE,1.5
"IMPC_CSD_032_001","TCP","Combined SHIRPA and Dysmorphology","IMPC_CSD",2140,1,0,5e-04,0,0,-1,TRUE,0
"IMPC_DXA_002_001","BCM","Body Composition (DEXA lean/fat)","IMPC_DXA",2585,2,1,8e-04,4e-04,33.33,-1,TRUE,0.5
"IMPC_DXA_002_001","KMPC","Body Composition (DEXA lean/fat)","IMPC_DXA",215,1,0,0.0047,0,0,-1,TRUE,0
"IMPC_DXA_003_001","ICS","Body Composition (DEXA lean/fat)","IMPC_DXA",875,0,1,0,0.0011,100,1,FALSE,Inf
"IMPC_DXA_003_001","KMPC","Body Composition (DEXA lean/fat)","IMPC_DXA",215,1,0,0.0047,0,0,-1,TRUE,0
"IMPC_DXA_003_001","MRC Harwell","Body Composition (DEXA lean/fat)","IMPC_DXA",2765,1,0,4e-04,0,0,-1,TRUE,0
"IMPC_DXA_004_001","KMPC","Body Composition (DEXA lean/fat)","IMPC_DXA",210,0,1,0,0.0048,100,1,FALSE,Inf
"IMPC_DXA_006_001","HMGU","Body Composition (DEXA lean/fat)","IMPC_DXA",625,0,1,0,0.0016,100,1,FALSE,Inf
"IMPC_DXA_007_001","KMPC","Body Composition (DEXA lean/fat)","IMPC_DXA",210,1,2,0.0048,0.0095,66.67,1,FALSE,2
"IMPC_DXA_007_001","MRC Harwell","Body Composition (DEXA lean/fat)","IMPC_DXA",2765,15,14,0.0054,0.0051,48.28,-1,TRUE,0.93
"IMPC_DXA_008_001","TCP","Body Composition (DEXA lean/fat)","IMPC_DXA",2110,1,0,5e-04,0,0,-1,TRUE,0
"IMPC_DXA_009_001","BCM","Body Composition (DEXA lean/fat)","IMPC_DXA",2585,3,2,0.0012,8e-04,40,-1,TRUE,0.67
"IMPC_DXA_009_001","ICS","Body Composition (DEXA lean/fat)","IMPC_DXA",875,3,4,0.0034,0.0046,57.14,1,FALSE,1.33
"IMPC_DXA_009_001","TCP","Body Composition (DEXA lean/fat)","IMPC_DXA",2110,3,2,0.0014,9e-04,40,-1,TRUE,0.67
"IMPC_DXA_010_001","ICS","Body Composition (DEXA lean/fat)","IMPC_DXA",825,5,4,0.0061,0.0048,44.44,-1,TRUE,0.8
"IMPC_DXA_010_001","KMPC","Body Composition (DEXA lean/fat)","IMPC_DXA",210,0,1,0,0.0048,100,1,FALSE,Inf
"IMPC_DXA_010_001","TCP","Body Composition (DEXA lean/fat)","IMPC_DXA",2110,25,24,0.0118,0.0114,48.98,-1,TRUE,0.96
"IMPC_ECG_002_001","BCM","Electrocardiogram (ECG)","IMPC_ECG",3065,20,19,0.0065,0.0062,48.72,-1,TRUE,0.95
"IMPC_ECG_002_001","CCP-IMG","Electrocardiogram (ECG)","IMPC_ECG",615,0,1,0,0.0016,100,1,FALSE,Inf
"IMPC_ECG_003_001","TCP","Electrocardiogram (ECG)","IMPC_ECG",1590,1,0,6e-04,0,0,-1,TRUE,0
"IMPC_ECG_005_001","MRC Harwell","Electrocardiogram (ECG)","IMPC_ECG",630,1,0,0.0016,0,0,-1,TRUE,0
"IMPC_ECG_006_001","CCP-IMG","Electrocardiogram (ECG)","IMPC_ECG",615,1,0,0.0016,0,0,-1,TRUE,0
"IMPC_ECG_006_001","HMGU","Electrocardiogram (ECG)","IMPC_ECG",1735,3,2,0.0017,0.0012,40,-1,TRUE,0.67
"IMPC_ECG_006_001","ICS","Electrocardiogram (ECG)","IMPC_ECG",820,19,20,0.0232,0.0244,51.28,1,FALSE,1.05
"IMPC_ECG_006_001","MRC Harwell","Electrocardiogram (ECG)","IMPC_ECG",1695,2,1,0.0012,6e-04,33.33,-1,TRUE,0.5
"IMPC_ECG_007_001","MRC Harwell","Electrocardiogram (ECG)","IMPC_ECG",1695,4,5,0.0024,0.0029,55.56,1,FALSE,1.25
"IMPC_ECG_007_001","TCP","Electrocardiogram (ECG)","IMPC_ECG",1805,1,0,6e-04,0,0,-1,TRUE,0
"IMPC_ECG_008_001","HMGU","Electrocardiogram (ECG)","IMPC_ECG",1125,1,0,9e-04,0,0,-1,TRUE,0
"IMPC_ECG_008_001","MRC Harwell","Electrocardiogram (ECG)","IMPC_ECG",630,2,1,0.0032,0.0016,33.33,-1,TRUE,0.5
"IMPC_ECG_009_002","CCP-IMG","Electrocardiogram (ECG)","IMPC_ECG",615,1,0,0.0016,0,0,-1,TRUE,0
"IMPC_ECG_010_001","CCP-IMG","Electrocardiogram (ECG)","IMPC_ECG",615,1,0,0.0016,0,0,-1,TRUE,0
"IMPC_ECG_010_001","MRC Harwell","Electrocardiogram (ECG)","IMPC_ECG",630,1,2,0.0016,0.0032,66.67,1,FALSE,2
"IMPC_ECG_011_001","HMGU","Electrocardiogram (ECG)","IMPC_ECG",1735,3,2,0.0017,0.0012,40,-1,TRUE,0.67
"IMPC_ECG_011_001","TCP","Electrocardiogram (ECG)","IMPC_ECG",1590,1,0,6e-04,0,0,-1,TRUE,0
"IMPC_ECH_002_001","MRC Harwell","Echo","IMPC_ECH",155,1,0,0.0065,0,0,-1,TRUE,0
"IMPC_ECH_004_001","CCP-IMG","Echo","IMPC_ECH",615,1,0,0.0016,0,0,-1,TRUE,0
"IMPC_ECH_006_001","CCP-IMG","Echo","IMPC_ECH",615,1,0,0.0016,0,0,-1,TRUE,0
"IMPC_ECH_008_001","CCP-IMG","Echo","IMPC_ECH",615,3,2,0.0049,0.0033,40,-1,TRUE,0.67
"IMPC_ECH_008_001","MARC","Echo","IMPC_ECH",870,4,3,0.0046,0.0034,42.86,-1,TRUE,0.75
"IMPC_ECH_008_001","MRC Harwell","Echo","IMPC_ECH",155,1,0,0.0065,0,0,-1,TRUE,0
"IMPC_ECH_009_001","CCP-IMG","Echo","IMPC_ECH",615,1,2,0.0016,0.0033,66.67,1,FALSE,2
"IMPC_ECH_013_001","HMGU","Echo","IMPC_ECH",1775,12,13,0.0068,0.0073,52,1,FALSE,1.08
"IMPC_ECH_013_001","MARC","Echo","IMPC_ECH",870,1,0,0.0011,0,0,-1,TRUE,0
"IMPC_ECH_018_001","CCP-IMG","Echo","IMPC_ECH",615,2,3,0.0033,0.0049,60,1,FALSE,1.5
"IMPC_EYE_054_001","HMGU","Eye Morphology","IMPC_EYE",750,1,2,0.0013,0.0027,66.67,1,FALSE,2
"IMPC_EYE_058_001","HMGU","Eye Morphology","IMPC_EYE",750,1,2,0.0013,0.0027,66.67,1,FALSE,2
"IMPC_EYE_066_001","ICS","Eye Morphology","IMPC_EYE",760,13,14,0.0171,0.0184,51.85,1,FALSE,1.08
"IMPC_EYE_067_001","ICS","Eye Morphology","IMPC_EYE",770,6,5,0.0078,0.0065,45.45,-1,TRUE,0.83
"IMPC_EYE_068_001","HMGU","Eye Morphology","IMPC_EYE",1165,8,9,0.0069,0.0077,52.94,1,FALSE,1.12
"IMPC_EYE_068_001","ICS","Eye Morphology","IMPC_EYE",835,0,1,0,0.0012,100,1,FALSE,Inf
"IMPC_EYE_071_001","ICS","Eye Morphology","IMPC_EYE",10,1,0,0.1,0,0,-1,TRUE,0
"IMPC_FEA_107_001","TCP","Fear Conditioning","IMPC_FEA",935,2,1,0.0021,0.0011,33.33,-1,TRUE,0.5
"IMPC_GEP_085_001","JAX","Gross Morphology Embryo E18.5","IMPC_GEP",580,0,1,0,0.0017,100,1,FALSE,Inf
"IMPC_GRS_008_001","ICS","Grip Strength","IMPC_GRS",1015,3,2,0.003,0.002,40,-1,TRUE,0.67
"IMPC_GRS_008_001","MARC","Grip Strength","IMPC_GRS",955,1,0,0.001,0,0,-1,TRUE,0
"IMPC_GRS_009_001","CCP-IMG","Grip Strength","IMPC_GRS",610,0,1,0,0.0016,100,1,FALSE,Inf
"IMPC_GRS_009_001","MARC","Grip Strength","IMPC_GRS",955,3,2,0.0031,0.0021,40,-1,TRUE,0.67
"IMPC_GRS_009_001","RBRC","Grip Strength","IMPC_GRS",460,2,1,0.0043,0.0022,33.33,-1,TRUE,0.5
"IMPC_GRS_010_001","CCP-IMG","Grip Strength","IMPC_GRS",610,0,1,0,0.0016,100,1,FALSE,Inf
"IMPC_GRS_011_001","CCP-IMG","Grip Strength","IMPC_GRS",610,1,0,0.0016,0,0,-1,TRUE,0
"IMPC_HEM_001_001","RBRC","Hematology","IMPC_HEM",405,1,0,0.0025,0,0,-1,TRUE,0
"IMPC_HEM_002_001","HMGU","Hematology","IMPC_HEM",1605,1,2,6e-04,0.0012,66.67,1,FALSE,2
"IMPC_HEM_002_001","KMPC","Hematology","IMPC_HEM",230,2,1,0.0087,0.0043,33.33,-1,TRUE,0.5
"IMPC_HEM_003_001","KMPC","Hematology","IMPC_HEM",230,1,0,0.0043,0,0,-1,TRUE,0
"IMPC_HEM_004_001","CCP-IMG","Hematology","IMPC_HEM",555,2,1,0.0036,0.0018,33.33,-1,TRUE,0.5
"IMPC_HEM_004_001","HMGU","Hematology","IMPC_HEM",1605,1,2,6e-04,0.0012,66.67,1,FALSE,2
"IMPC_HEM_004_001","ICS","Hematology","IMPC_HEM",935,1,0,0.0011,0,0,-1,TRUE,0
"IMPC_HEM_004_001","JAX","Hematology","IMPC_HEM",1180,2,3,0.0017,0.0025,60,1,FALSE,1.5
"IMPC_HEM_005_001","CCP-IMG","Hematology","IMPC_HEM",555,1,2,0.0018,0.0036,66.67,1,FALSE,2
"IMPC_HEM_005_001","ICS","Hematology","IMPC_HEM",935,0,1,0,0.0011,100,1,FALSE,Inf
"IMPC_HEM_005_001","RBRC","Hematology","IMPC_HEM",405,0,1,0,0.0025,100,1,FALSE,Inf
"IMPC_HEM_006_001","CCP-IMG","Hematology","IMPC_HEM",555,17,16,0.0306,0.0288,48.48,-1,TRUE,0.94
"IMPC_HEM_006_001","ICS","Hematology","IMPC_HEM",935,10,9,0.0107,0.0096,47.37,-1,TRUE,0.9
"IMPC_HEM_006_001","JAX","Hematology","IMPC_HEM",1180,2,3,0.0017,0.0025,60,1,FALSE,1.5
"IMPC_HEM_006_001","MRC Harwell","Hematology","IMPC_HEM",2555,16,15,0.0063,0.0059,48.39,-1,TRUE,0.94
"IMPC_HEM_007_001","MRC Harwell","Hematology","IMPC_HEM",2555,10,9,0.0039,0.0035,47.37,-1,TRUE,0.9
"IMPC_HEM_007_001","TCP","Hematology","IMPC_HEM",1745,4,5,0.0023,0.0029,55.56,1,FALSE,1.25
"IMPC_HEM_008_001","MRC Harwell","Hematology","IMPC_HEM",2575,5,4,0.0019,0.0016,44.44,-1,TRUE,0.8
"IMPC_HEM_027_001","HMGU","Hematology","IMPC_HEM",1570,6,5,0.0038,0.0032,45.45,-1,TRUE,0.83
"IMPC_HEM_029_001","HMGU","Hematology","IMPC_HEM",30,0,1,0,0.0333,100,1,FALSE,Inf
"IMPC_HEM_029_001","MRC Harwell","Hematology","IMPC_HEM",2570,4,3,0.0016,0.0012,42.86,-1,TRUE,0.75
"IMPC_HEM_029_001","TCP","Hematology","IMPC_HEM",1750,7,8,0.004,0.0046,53.33,1,FALSE,1.14
"IMPC_HEM_030_001","CCP-IMG","Hematology","IMPC_HEM",555,1,0,0.0018,0,0,-1,TRUE,0
"IMPC_HEM_031_001","MARC","Hematology","IMPC_HEM",725,2,3,0.0028,0.0041,60,1,FALSE,1.5
"IMPC_HEM_032_001","RBRC","Hematology","IMPC_HEM",405,1,0,0.0025,0,0,-1,TRUE,0
"IMPC_HEM_033_001","CCP-IMG","Hematology","IMPC_HEM",555,0,1,0,0.0018,100,1,FALSE,Inf
"IMPC_HEM_033_001","MARC","Hematology","IMPC_HEM",725,1,2,0.0014,0.0028,66.67,1,FALSE,2
"IMPC_HEM_033_001","MRC Harwell","Hematology","IMPC_HEM",2570,4,5,0.0016,0.0019,55.56,1,FALSE,1.25
"IMPC_HEM_034_001","ICS","Hematology","IMPC_HEM",820,1,0,0.0012,0,0,-1,TRUE,0
"IMPC_HEM_034_001","MARC","Hematology","IMPC_HEM",725,0,1,0,0.0014,100,1,FALSE,Inf
"IMPC_HEM_034_001","MRC Harwell","Hematology","IMPC_HEM",2570,6,7,0.0023,0.0027,53.85,1,FALSE,1.17
"IMPC_HEM_035_001","RBRC","Hematology","IMPC_HEM",405,1,0,0.0025,0,0,-1,TRUE,0
"IMPC_HEM_036_001","CCP-IMG","Hematology","IMPC_HEM",555,0,1,0,0.0018,100,1,FALSE,Inf
"IMPC_HEM_039_001","MRC Harwell","Hematology","IMPC_HEM",2570,3,4,0.0012,0.0016,57.14,1,FALSE,1.33
"IMPC_HWT_002_001","CCP-IMG","Heart Weight","IMPC_HWT",575,1,0,0.0017,0,0,-1,TRUE,0
"IMPC_IMM_004_001","CCP-IMG","Immunophenotyping","IMPC_IMM",25,3,2,0.12,0.08,40,-1,TRUE,0.67
"IMPC_IMM_016_001","HMGU","Immunophenotyping","IMPC_IMM",30,2,1,0.0667,0.0333,33.33,-1,TRUE,0.5
"IMPC_IMM_016_001","KMPC","Immunophenotyping","IMPC_IMM",30,1,2,0.0333,0.0667,66.67,1,FALSE,2
"IMPC_IMM_020_001","CCP-IMG","Immunophenotyping","IMPC_IMM",25,1,0,0.04,0,0,-1,TRUE,0
"IMPC_IMM_028_001","HMGU","Immunophenotyping","IMPC_IMM",30,0,1,0,0.0333,100,1,FALSE,Inf
"IMPC_IMM_040_002","CCP-IMG","Immunophenotyping","IMPC_IMM",275,0,1,0,0.0036,100,1,FALSE,Inf
"IMPC_IMM_050_001","KMPC","Immunophenotyping","IMPC_IMM",30,1,0,0.0333,0,0,-1,TRUE,0
"IMPC_IMM_052_001","CCP-IMG","Immunophenotyping","IMPC_IMM",25,0,1,0,0.04,100,1,FALSE,Inf
"IMPC_IMM_052_001","HMGU","Immunophenotyping","IMPC_IMM",25,0,1,0,0.04,100,1,FALSE,Inf
"IMPC_IMM_052_001","KMPC","Immunophenotyping","IMPC_IMM",30,0,1,0,0.0333,100,1,FALSE,Inf
"IMPC_IMM_054_001","KMPC","Immunophenotyping","IMPC_IMM",30,1,0,0.0333,0,0,-1,TRUE,0
"IMPC_IMM_066_001","HMGU","Immunophenotyping","IMPC_IMM",20,1,0,0.05,0,0,-1,TRUE,0
"IMPC_IMM_072_001","CCP-IMG","Immunophenotyping","IMPC_IMM",25,2,1,0.08,0.04,33.33,-1,TRUE,0.5
"IMPC_IMM_076_001","CCP-IMG","Immunophenotyping","IMPC_IMM",25,3,2,0.12,0.08,40,-1,TRUE,0.67
"IMPC_IPG_010_001","HMGU","Intraperitoneal glucose tolerance test (IPGTT)","IMPC_IPG",1635,5,4,0.0031,0.0024,44.44,-1,TRUE,0.8
"IMPC_IPG_010_001","ICS","Intraperitoneal glucose tolerance test (IPGTT)","IMPC_IPG",990,2,3,0.002,0.003,60,1,FALSE,1.5
"IMPC_IPG_010_001","MRC Harwell","Intraperitoneal glucose tolerance test (IPGTT)","IMPC_IPG",3155,5,4,0.0016,0.0013,44.44,-1,TRUE,0.8
"IMPC_IPG_010_001","RBRC","Intraperitoneal glucose tolerance test (IPGTT)","IMPC_IPG",450,0,1,0,0.0022,100,1,FALSE,Inf
"IMPC_IPG_011_001","BCM","Intraperitoneal glucose tolerance test (IPGTT)","IMPC_IPG",2235,6,5,0.0027,0.0022,45.45,-1,TRUE,0.83
"IMPC_IPG_011_001","JAX","Intraperitoneal glucose tolerance test (IPGTT)","IMPC_IPG",5360,5,4,9e-04,7e-04,44.44,-1,TRUE,0.8
"IMPC_IPG_012_001","HMGU","Intraperitoneal glucose tolerance test (IPGTT)","IMPC_IPG",1635,1,2,6e-04,0.0012,66.67,1,FALSE,2
"IMPC_IPG_012_001","MARC","Intraperitoneal glucose tolerance test (IPGTT)","IMPC_IPG",905,9,10,0.0099,0.011,52.63,1,FALSE,1.11
"IMPC_IPG_012_001","MRC Harwell","Intraperitoneal glucose tolerance test (IPGTT)","IMPC_IPG",3150,2,1,6e-04,3e-04,33.33,-1,TRUE,0.5
"IMPC_OFD_007_001","CCP-IMG","Open Field","IMPC_OFD",490,1,0,0.002,0,0,-1,TRUE,0
"IMPC_OFD_007_001","KMPC","Open Field","IMPC_OFD",265,1,0,0.0038,0,0,-1,TRUE,0
"IMPC_OFD_007_001","MARC","Open Field","IMPC_OFD",850,1,0,0.0012,0,0,-1,TRUE,0
"IMPC_OFD_007_001","RBRC","Open Field","IMPC_OFD",415,0,1,0,0.0024,100,1,FALSE,Inf
"IMPC_OFD_007_001","UC Davis","Open Field","IMPC_OFD",2144,4,3,0.0019,0.0014,42.86,-1,TRUE,0.75
"IMPC_OFD_009_001","CCP-IMG","Open Field","IMPC_OFD",490,1,0,0.002,0,0,-1,TRUE,0
"IMPC_OFD_009_001","KMPC","Open Field","IMPC_OFD",265,2,1,0.0075,0.0038,33.33,-1,TRUE,0.5
"IMPC_OFD_009_001","RBRC","Open Field","IMPC_OFD",415,0,1,0,0.0024,100,1,FALSE,Inf
"IMPC_OFD_010_001","CCP-IMG","Open Field","IMPC_OFD",490,1,0,0.002,0,0,-1,TRUE,0
"IMPC_OFD_010_001","HMGU","Open Field","IMPC_OFD",1610,1,0,6e-04,0,0,-1,TRUE,0
"IMPC_OFD_010_001","MARC","Open Field","IMPC_OFD",855,9,8,0.0105,0.0094,47.06,-1,TRUE,0.89
"IMPC_OFD_011_001","MARC","Open Field","IMPC_OFD",780,1,0,0.0013,0,0,-1,TRUE,0
"IMPC_OFD_011_001","MRC Harwell","Open Field","IMPC_OFD",3155,2,1,6e-04,3e-04,33.33,-1,TRUE,0.5
"IMPC_OFD_011_001","RBRC","Open Field","IMPC_OFD",415,1,0,0.0024,0,0,-1,TRUE,0
"IMPC_OFD_012_001","CCP-IMG","Open Field","IMPC_OFD",490,2,3,0.0041,0.0061,60,1,FALSE,1.5
"IMPC_OFD_012_001","HMGU","Open Field","IMPC_OFD",1610,2,1,0.0012,6e-04,33.33,-1,TRUE,0.5
"IMPC_OFD_012_001","ICS","Open Field","IMPC_OFD",1020,0,1,0,0.001,100,1,FALSE,Inf
"IMPC_OFD_013_001","CCP-IMG","Open Field","IMPC_OFD",490,1,0,0.002,0,0,-1,TRUE,0
"IMPC_OFD_013_001","MARC","Open Field","IMPC_OFD",855,4,3,0.0047,0.0035,42.86,-1,TRUE,0.75
"IMPC_OFD_013_001","TCP","Open Field","IMPC_OFD",2075,7,6,0.0034,0.0029,46.15,-1,TRUE,0.86
"IMPC_OFD_014_001","CCP-IMG","Open Field","IMPC_OFD",490,2,1,0.0041,0.002,33.33,-1,TRUE,0.5
"IMPC_OFD_014_001","MRC Harwell","Open Field","IMPC_OFD",3155,2,1,6e-04,3e-04,33.33,-1,TRUE,0.5
"IMPC_OFD_014_001","RBRC","Open Field","IMPC_OFD",415,1,0,0.0024,0,0,-1,TRUE,0
"IMPC_OFD_015_001","MARC","Open Field","IMPC_OFD",780,1,2,0.0013,0.0026,66.67,1,FALSE,2
"IMPC_OFD_015_001","TCP","Open Field","IMPC_OFD",2075,7,6,0.0034,0.0029,46.15,-1,TRUE,0.86
"IMPC_OFD_017_001","CCP-IMG","Open Field","IMPC_OFD",490,2,1,0.0041,0.002,33.33,-1,TRUE,0.5
"IMPC_OFD_017_001","HMGU","Open Field","IMPC_OFD",1610,1,0,6e-04,0,0,-1,TRUE,0
"IMPC_OFD_017_001","ICS","Open Field","IMPC_OFD",1020,1,0,0.001,0,0,-1,TRUE,0
"IMPC_OFD_017_001","UC Davis","Open Field","IMPC_OFD",2011,1,0,5e-04,0,0,-1,TRUE,0
"IMPC_OFD_019_001","MRC Harwell","Open Field","IMPC_OFD",3155,3,2,0.001,6e-04,40,-1,TRUE,0.67
"IMPC_OFD_019_001","RBRC","Open Field","IMPC_OFD",415,1,0,0.0024,0,0,-1,TRUE,0
"IMPC_OFD_020_001","KMPC","Open Field","IMPC_OFD",265,1,0,0.0038,0,0,-1,TRUE,0
"IMPC_OFD_020_001","MARC","Open Field","IMPC_OFD",485,5,4,0.0103,0.0082,44.44,-1,TRUE,0.8
"IMPC_OFD_022_001","CCP-IMG","Open Field","IMPC_OFD",490,2,1,0.0041,0.002,33.33,-1,TRUE,0.5
"IMPC_OFD_022_001","TCP","Open Field","IMPC_OFD",2075,2,1,0.001,5e-04,33.33,-1,TRUE,0.5
"IMPC_OFD_050_001","HMGU","Open Field","IMPC_OFD",1605,2,3,0.0012,0.0019,60,1,FALSE,1.5
"IMPC_OFD_050_001","MARC","Open Field","IMPC_OFD",780,1,0,0.0013,0,0,-1,TRUE,0
"IMPC_OWT_002_001","CCP-IMG","Organ Weight","IMPC_OWT",580,3,2,0.0052,0.0034,40,-1,TRUE,0.67
"IMPC_OWT_004_001","CCP-IMG","Organ Weight","IMPC_OWT",550,2,1,0.0036,0.0018,33.33,-1,TRUE,0.5
"IMPC_OWT_021_001","CCP-IMG","Organ Weight","IMPC_OWT",586,1,0,0.0017,0,0,-1,TRUE,0
"IMPC_OWT_022_001","CCP-IMG","Organ Weight","IMPC_OWT",586,1,0,0.0017,0,0,-1,TRUE,0
"IMPC_XRY_033_001","ICS","X-ray","IMPC_XRY",1030,4,3,0.0039,0.0029,42.86,-1,TRUE,0.75
